"ID","LATITUDE","LONGITUDE","DATE","ALTITUDE"
"104606065","47.7663","-2.60166","2021-05-29","96.54"
"104820722","45.38268","5.74527","2021-05-31","529.79"
"104834062","47.97725","7.47506","2021-06-02","202.23"
"104861763","48.30653","5.34858","2021-06-01","320.7"
"104861871","48.91043","4.80193","2021-06-02","187.52"
"105186410","45.40656","3.01918","2021-06-09","1053.31"
"105186411","45.40507","3.02106","2021-06-09","925.79"
"105186412","45.40716","3.01632","2021-06-09","1025.83"
"105323916","45.2799","5.75543","2021-06-12","1079.85"
"105480257","45.40768","3.01935","2021-06-15","1053.31"
"105480272","45.40645","3.01901","2021-06-15","925.79"
"105480273","45.40627","3.01672","2021-06-15","948"
"105511214","45.11599","5.39013","2021-06-15","982.26"
"105581157","45.13064","5.72102","2021-06-18","295.28"
"105627555","45.58113","6.26348","2021-06-08","296.79"
"105627556","45.04234","6.08634","2021-06-18","1301.26"
"105627557","45.05198","6.09356","2021-06-18","1377.93"
"105627564","44.74488","5.77739","2021-06-18","1000.01"
"105629640","48.18187","5.67221","2021-06-19","337.36"
"105629700","48.18278","5.67705","2021-06-19","335.04"
"105629703","48.18056","5.67405","2021-06-19","337.36"
"105629740","48.15896","5.67267","2021-06-19","335.46"
"105629745","48.15851","5.67473","2021-06-19","338.97"
"105629761","48.16589","5.6731","2021-06-19","334.36"
"105636958","45.40944","3.02268","2021-06-19","1023.58"
"105672550","46.39853","5.90336","2021-06-13","982.96"
"105672552","46.40079","5.90299","2021-06-13","1034.01"
"105672559","46.4017","5.90089","2021-06-13","1008.68"
"105675427","48.18037","5.66895","2021-06-19","342.97"
"105718931","48.18118","5.6731","2021-06-19","337.36"
"105813941","45.40491","3.0204","2021-06-25","925.79"
"105813945","45.40717","3.01878","2021-06-25","1053.31"
"105813958","45.40666","3.01932","2021-06-25","1053.31"
"105902788","44.86245","3.93337","2021-06-26","814.08"
"105902796","44.86398","3.93147","2021-06-26","823.14"
"106102466","44.91592","3.66901","2021-07-03","658.84"
"106618097","44.19718","3.24758","2021-07-16","523.63"
"106751208","45.40637","3.019","2021-07-23","925.79"
"106839885","44.91124","5.55204","2021-06-18","1243"
"106840820","45.00139","5.96896","2021-06-22","1334.12"
"107256858","44.99313","5.55043","2021-06-26","1563.2"
"107257103","44.9527","5.5276","2021-06-26","1545.29"
"111007061","44.70476","5.49497","2017-05-27","1038.75"
"111027059","44.75267","5.49735","2015-07-10","978.04"
"111057613","44.40899","5.35078","2016-07-16","444.86"
"111189080","44.42873","3.23086","2008-06-28","689.31"
"111203938","44.30916","3.3194","2008-07-02","593.1"
"118142840","48.02869","7.53477","2022-05-10","194.52"
"118329969","48.00913","7.5935","2022-05-13","195.82"
"118667216","45.40681","3.01513","2022-05-19","1010.51"
"118721868","45.40577","3.01901","2022-05-20","925.79"
"118834071","48.18373","7.59496","2022-05-22","174.08"
"118834078","48.1926","7.61955","2022-05-22","172.24"
"118940454","46.12821","6.0375","2022-05-24","487.12"
"119040318","47.95737","7.6005","2022-05-26","199.66"
"119262722","45.15791","5.66372","2022-05-30","577.82"
"119271851","47.90575","7.57374","2022-05-30","203.92"
"119272145","47.87848","7.55345","2022-05-30","213.61"
"119272179","47.95589","7.59764","2022-05-30","199.06"
"119272196","47.95756","7.59992","2022-05-30","199.66"
"119284725","43.03637","0.19032","2022-05-28","764.52"
"119420829","47.99846","7.46972","2022-06-02","198.53"
"119428956","44.83894","5.39497","2022-06-02","1283.75"
"119470139","45.05434","5.85058","2022-06-02","393.44"
"119639187","47.97655","7.46373","2022-06-06","202.4"
"119639191","47.97522","7.46174","2022-06-06","202.31"
"119743645","44.80484","5.67631","2022-06-07","690.58"
"119753906","49.08567","1.66529","2022-06-09","132.76"
"119834794","47.76523","5.18619","2022-06-04","452"
"119834873","47.62427","5.33402","2022-06-05","257.24"
"119896271","48.00263","7.21622","2022-06-12","535.46"
"120074904","44.47207","3.1787","2022-06-15","722.4"
"120075710","45.50373","2.94488","2022-06-15","1016.99"
"120167295","49.08597","1.66404","2022-06-18","128.24"
"120203735","46.298","5.81788","2022-06-19","945.84"
"120228905","44.90209","5.77095","2022-06-18","905.44"
"120228969","44.80131","6.1966","2022-06-11","1305.09"
"120354451","47.76447","5.18475","2022-06-11","456.5"
"120354455","47.76501","5.18552","2022-06-11","456.5"
"120355522","45.22188","5.64005","2022-06-23","473.43"
"120769012","45.4073","3.01654","2022-07-05","1025.83"
"120950992","43.22404","0.92906","2022-05-21","339.99"
"121284116","47.4773","4.9099","2022-06-25","512.39"
"121623708","44.72543","5.72617","2022-06-12","1109.07"
"121636597","43.06814","1.35608","2022-06-01","348.81"
"122104014","44.08979","7.24161","2022-06-27","1432.36"
"124465873","47.69819","5.36759","2015-05-11","303.31"
"124466447","47.7584","5.11568","2015-05-23","397.23"
"124466641","47.69819","5.36759","2015-06-04","303.31"
"124466681","47.6599","5.08558","2015-06-04","381.71"
"124466847","47.83076","5.18707","2015-06-17","444.58"
"124469336","47.8053","5.25467","2016-06-23","444.96"
"124469510","47.71359","5.09535","2016-07-08","461.51"
"127894350","44.3463","3.37503","2009-06-03","679.24"
"128287520","44.36774","3.41055","2009-06-12","505.45"
"132305655","45.88934","5.37062","2023-05-13","253.32"
"132316694","46.47998","5.9005","2023-05-19","751.39"
"132386658","46.1627","5.81063","2023-05-23","471.41"
"132552942","46.17137","5.97964","2023-05-26","349.28"
"132890601","45.85156","3.95594","2023-05-31","465.55"
"132890602","45.8517","3.95536","2023-05-31","465.55"
"132890617","45.84231","3.95611","2023-05-31","539.63"
"132890618","45.84256","3.95609","2023-05-31","539.63"
"132890620","45.84144","3.95601","2023-05-31","539.63"
"132890624","45.8429","3.95612","2023-05-31","539.63"
"132890633","45.84179","3.95598","2023-05-31","539.63"
"132890635","45.84319","3.95588","2023-05-31","539.63"
"132975309","45.84208","3.95583","2023-06-02","539.63"
"132975310","45.84205","3.9562","2023-06-02","539.63"
"133016008","45.36266","5.67037","2023-06-03","572.96"
"133016015","45.36298","5.66945","2023-06-03","572.96"
"133016036","45.36102","5.67081","2023-06-03","513.4"
"133057391","45.23386","5.75533","2023-06-04","994.85"
"133057393","45.2328","5.75487","2023-06-04","858.64"
"133057395","45.23371","5.75362","2023-06-04","854.83"
"133133465","47.76472","5.18546","2023-06-04","456.5"
"133192147","45.05619","6.02505","2023-06-06","750.7"
"133192149","45.05416","6.02367","2023-06-06","777.44"
"133192158","45.05188","6.02259","2023-06-06","926.51"
"133218921","45.47584","5.92082","2023-06-07","1051.05"
"133218925","45.47655","5.92057","2023-06-07","1051.05"
"133218932","45.47534","5.91975","2023-06-07","1051.05"
"133223304","47.85329","5.16335","2023-06-02","440.26"
"133223312","47.96424","5.07942","2023-06-06","365.22"
"133223334","47.76474","5.18558","2023-06-03","452"
"133225160","47.95742","7.60067","2023-06-07","199.66"
"133225163","47.95702","7.59853","2023-06-07","199.06"
"133264515","46.16261","5.81066","2023-06-07","471.41"
"133264520","46.16887","5.81075","2023-06-07","533.34"
"133264558","48.07061","7.55658","2023-06-08","185.82"
"133309007","47.77762","5.05714","2023-06-09","361.7"
"133359181","47.70292","5.06831","2023-06-10","383.92"
"133386514","45.18846","5.68088","2023-06-11","235.28"
"133452209","45.74373","5.68079","2023-06-12","288.96"
"133475122","47.98844","-1.88854","2023-06-13","76.57"
"133545605","48.32168","5.42156","2023-06-14","395.45"
"133549607","45.44313","5.91479","2023-06-14","1297.47"
"133549613","45.44069","5.90764","2023-06-14","1121.76"
"133585469","45.47674","5.92275","2023-06-15","1011.28"
"133585479","45.47927","5.91957","2023-06-15","1032.82"
"133598944","44.96716","6.15125","2023-06-14","1279.06"
"133599173","48.29891","5.18637","2023-06-15","280.91"
"133599198","48.29677","5.18648","2023-06-15","269.08"
"133599203","48.29239","5.18936","2023-06-15","287.78"
"133599225","48.32106","5.18663","2023-06-15","224.55"
"133669932","45.08137","5.61254","2023-06-17","1730.82"
"133682320","47.97348","7.61677","2023-06-17","196.28"
"133682321","47.97338","7.62046","2023-06-17","194.95"
"133758505","46.66746","6.04705","2023-06-18","1072.6"
"133849422","47.76549","5.18609","2023-06-17","452"
"133870199","44.85692","5.53998","2023-06-19","1280.08"
"133870220","45.41851","6.16795","2023-06-21","1667.67"
"133874020","45.02555","5.39159","2023-06-22","545.26"
"133874021","45.04543","5.35875","2023-06-22","339.44"
"133993511","45.32725","5.68406","2023-06-25","1176.68"
"133993524","45.32676","5.68911","2023-06-25","1126.05"
"133993549","45.32667","5.6797","2023-06-25","779.76"
"133993592","45.3311","5.68102","2023-06-25","1040.22"
"133993593","45.33178","5.68407","2023-06-25","1187.68"
"133993602","45.33047","5.68094","2023-06-25","1040.22"
"134010308","44.72535","5.7263","2023-06-25","1109.07"
"134010364","44.72803","5.71752","2023-06-25","1317.52"
"134011907","44.72808","5.74494","2023-06-25","1010.13"
"134026725","45.33694","5.80616","2023-06-26","829.67"
"134058047","45.8949","5.53534","2023-06-25","736.17"
"134250955","45.04343","5.39356","2023-07-02","1131.44"
"134250971","45.04475","5.38571","2023-07-02","764.45"
"134250976","45.04542","5.38738","2023-07-02","862.9"
"134261262","47.58625","3.77707","2023-07-02","181.98"
"134317070","48.09462","7.28922","2023-07-04","276.24"
"134317071","48.09459","7.29046","2023-07-04","294.64"
"134322526","47.28433","3.47456","2013-07-20","278.21"
"134337415","44.29186","3.85928","2023-07-04","714.35"
"134337617","44.28318","3.85466","2023-07-04","614.22"
"134393975","45.36186","5.672","2023-07-06","486.08"
"134393976","45.3608","5.67352","2023-07-06","486.08"
"134396773","44.28251","3.85573","2023-07-06","567.37"
"134396785","44.29311","3.86397","2023-07-06","669.48"
"134433089","44.30006","3.87116","2023-07-07","832.27"
"134533279","45.09812","4.04111","2023-07-10","997.94"
"134654634","42.7542","1.47213","2023-07-10","941.85"
"135010972","45.10426","5.66985","2023-07-06","275.73"
"135011100","45.2567","6.44603","2023-07-20","1771.16"
"135208003","42.75212","1.46325","2023-07-23","1239.42"
"143019660","44.47216","3.17711","2011-05-18","677.17"
"144985882","42.80648","1.69318","2024-05-09","841.48"
"145489252","47.80068","4.74609","2023-06-01","286.75"
"145601020","47.97619","7.45571","2024-05-20","202.34"
"145655950","47.91174","7.58054","2024-05-21","203.4"
"145655963","47.91054","7.58087","2024-05-21","198.46"
"145793945","47.99131","4.8796","2024-05-24","334.92"
"145885182","45.37194","5.59674","2024-05-25","438.33"
"146309405","47.89996","-1.92288","2024-06-02","93.41"
"146312332","47.90001","-1.92305","2024-06-02","93.41"
"146312334","47.9005","-1.92628","2024-06-02","86.58"
"146528949","47.77855","-2.56109","2024-06-06","107.01"
"146531154","47.77936","-2.56131","2024-06-06","107.01"
"146541326","47.7793","-2.56105","2024-06-06","107.01"
"146601387","46.16259","5.81098","2024-06-07","471.41"
"146698569","47.49758","0.01044","2024-06-09","92.87"
"146698738","47.49594","0.00888","2024-06-09","91.84"
"146698742","47.5005","0.00849","2024-06-09","94.67"
"146698750","47.4991","0.00781","2024-06-09","93.95"
"146847836","45.30829","6.36299","2024-06-13","957.11"
"146950910","47.76792","5.18373","2024-06-15","455.73"
"146954126","47.94614","7.17848","2024-06-16","478.26"
"147000848","45.34534","5.81308","2024-06-17","869.58"
"147000850","45.34455","5.81505","2024-06-17","891.41"
"147055769","45.38924","5.75803","2024-06-18","705.77"
"147055780","45.38309","5.75726","2024-06-18","840.53"
"147055790","45.37517","5.75797","2024-06-18","911.41"
"147055809","45.36189","5.66947","2024-06-17","513.4"
"147069648","45.22032","5.64187","2024-06-18","408.47"
"147227784","45.26476","5.61337","2024-06-23","455.74"
"147227787","45.26556","5.61318","2024-06-23","455.74"
"147284013","47.48526","4.88849","2024-06-23","411.29"
"147290573","47.75255","4.96667","2024-06-09","435.95"
"147290591","47.81819","5.34943","2024-06-10","449.19"
"147378380","45.32728","5.77096","2024-06-27","1479.29"
"147413639","45.37048","5.60129","2024-06-28","368.57"
"147413643","45.37059","5.59464","2024-06-28","322.37"
"147413652","45.3724","5.60008","2024-06-28","463.34"
"147413653","45.3709","5.59033","2024-06-28","361.66"
"147438885","47.76258","5.18258","2024-06-23","472.88"
"147777970","42.92939","-0.66286","2024-07-09","1008.74"
"147785684","45.4045","5.89606","2024-07-09","1113.68"
"147848640","44.3528","3.63158","2024-07-11","618.38"
"148149183","42.74615","1.17252","2024-07-10","1359.12"
"148149702","42.74615","1.17252","2024-07-11","1359.12"
"148151390","42.77572","1.44369","2024-07-17","1286.53"
"148388361","43.25244","1.94677","2024-07-12","262.54"
"148583079","43.00253","0.30408","2024-08-04","1064.6"
"15693978","47.89463","7.40859","2006-06-10","213.77"
"15693979","47.89118","7.41063","2006-06-10","214.44"
"15717523","47.89516","7.4245","2006-06-21","213.14"
"158731826","47.92416","7.56714","2025-05-13","203.47"
"159087387","46.06797","5.99517","2025-05-18","619.82"
"159329296","47.49683","0.01103","2025-05-23","92.66"
"159329298","47.49765","0.01029","2025-05-23","93.99"
"159738071","47.96934","1.89879","2025-05-30","129.04"
"159739660","47.95693","7.59856","2025-05-30","199.34"
"159759597","44.8072","5.57461","2025-05-30","1044.19"
"159759600","44.80786","5.5756","2025-05-30","1030.72"
"159759604","44.7931","5.55835","2025-05-30","1666.2"
"159759607","44.7955","5.56469","2025-05-30","1350.94"
"159759609","44.79904","5.57316","2025-05-30","1135.9"
"159759611","44.79476","5.55359","2025-05-30","1708.2"
"159759616","44.79531","5.56142","2025-05-30","1512.25"
"159759620","44.79366","5.55941","2025-05-30","1624.45"
"159759623","44.79432","5.56179","2025-05-30","1496.99"
"159759630","44.80195","5.57335","2025-05-30","1094.31"
"159811094","46.29053","6.36067","2025-05-31","521.36"
"159839620","45.88475","5.6047","2025-06-01","876.27"
"27746676","48.00379","7.21646","2012-05-27","535.46"
"27812663","48.1423","7.58671","2012-05-30","181.16"
"28005229","48.00379","7.21646","2012-06-10","535.46"
"33286385","48.02512","7.27285","2013-06-13","464.28"
"33520423","47.85733","7.16906","2013-06-29","802.93"
"38297469","47.90367","7.41587","2014-05-18","211.68"
"38357537","48.00417","7.22109","2014-05-21","550.61"
"38357538","48.00379","7.21646","2014-05-21","535.46"
"38417602","48.21232","7.35828","2014-05-24","266.91"
"38587617","48.39136","5.76178","2014-05-31","337.41"
"38587619","47.70499","5.04067","2014-05-31","403.28"
"38587621","47.7081","5.06597","2014-05-31","405.58"
"38587623","47.71366","5.09558","2014-05-31","474.78"
"38587625","47.71415","5.40581","2014-05-31","356.84"
"38610257","49.68896","4.62855","2014-06-01","217.57"
"38653354","48.0244","5.1676","2014-06-03","352.17"
"38833315","48.88359","4.72935","2014-06-12","186.3"
"38925987","48.06149","7.28323","2014-06-17","359.55"
"44560838","47.9276","7.46901","2015-05-14","208.75"
"44561035","47.62377","7.55553","2015-05-14","239.43"
"44561424","47.62407","7.55511","2015-05-14","239.43"
"44561425","47.62454","7.55271","2015-05-14","240.07"
"44561454","47.59273","7.54762","2015-05-14","256.8"
"44747428","47.9438","7.18157","2015-05-22","401.21"
"44802852","48.20166","7.31016","2015-05-24","393.73"
"44927774","47.69804","5.59466","2015-05-29","319.31"
"45129830","45.73719","3.23637","2015-06-06","368.89"
"45133619","47.91172","7.58082","2015-06-06","197.14"
"45598768","48.00398","7.21568","2015-07-01","535.46"
"52125795","45.84455","5.72734","2016-06-04","260.61"
"52125808","45.84935","5.72039","2016-06-04","295.64"
"52189823","48.29263","5.18063","2016-06-06","336.52"
"52189843","48.29015","5.182","2016-06-06","344.19"
"52189851","48.29216","5.18971","2016-06-06","287.78"
"52275980","48.31052","5.20177","2016-06-09","259.95"
"52276017","48.24068","5.30886","2016-06-09","252.12"
"52296168","46.23389","6.36703","2016-06-10","1154.57"
"52303244","48.02487","4.97445","2016-06-10","303.38"
"52303247","47.91128","5.03643","2016-06-10","384.1"
"52303249","47.91577","5.0678","2016-06-10","353.87"
"52303286","48.02618","5.01046","2016-06-10","321.69"
"52319721","46.30034","6.38908","2016-06-11","479.45"
"52499432","48.19578","5.32279","2016-06-20","303.93"
"52519208","48.30591","5.27725","2016-06-21","244.94"
"52540791","48.28884","5.1594","2016-06-22","351.93"
"52649308","48.29271","5.26357","2016-06-27","238.73"
"52649315","48.31394","5.28648","2016-06-27","254.78"
"52692742","48.25879","7.67346","2016-06-29","171.36"
"52801320","45.85853","3.11797","2016-07-05","343.18"
"52820533","45.75695","3.16917","2016-07-06","413.86"
"52836465","46.19766","0.0594","2016-07-07","134.83"
"53007312","47.81454","7.10122","2016-07-17","382.47"
"59222824","48.29546","5.18099","2017-05-24","322.02"
"59292862","48.00782","7.59477","2017-05-26","192.3"
"59307002","45.74759","6.25221","2017-05-27","572.31"
"59323399","48.09225","7.57099","2017-05-27","184.11"
"59375237","48.40537","5.17761","2017-05-29","311.75"
"59424771","48.31143","5.2817","2017-05-31","242.46"
"59429315","47.95651","7.51856","2017-05-31","205.39"
"59429343","47.95623","7.51538","2017-05-31","205.5"
"59429411","47.96387","7.52232","2017-05-31","203.46"
"59513372","45.8829","6.02562","2017-06-04","457.84"
"59522922","49.68995","4.62885","2017-06-04","217.57"
"59617833","48.29625","5.18113","2017-06-08","315.16"
"59703295","47.89126","7.41978","2017-06-11","214.85"
"59756222","45.12735","1.50639","2017-06-13","245.39"
"59794599","45.28188","5.82977","2017-06-15","755.88"
"59807980","48.17469","5.34248","2017-06-16","349.18"
"59835289","47.97982","7.60822","2017-06-17","193"
"59857177","47.90192","7.4154","2017-06-18","212.57"
"59857242","47.90089","7.41517","2017-06-18","212.92"
"59857378","47.88733","7.44373","2017-06-18","215.39"
"59857384","47.88695","7.4434","2017-06-18","215.39"
"59924521","47.88825","5.72587","2017-06-22","405.65"
"59924544","47.91534","5.7791","2017-06-22","307.65"
"59924549","47.91713","5.77902","2017-06-22","318.38"
"59924550","47.9189","5.7781","2017-06-22","331.48"
"59947512","45.20839","5.6547","2017-06-23","240.79"
"60023901","48.30386","5.48032","2017-06-08","368.43"
"68321562","47.95327","7.52624","2018-05-08","203.94"
"68321564","47.95392","7.52594","2018-05-08","203.94"
"68321575","47.94888","7.52754","2018-05-08","206.89"
"68321596","47.91016","7.49332","2018-05-08","212.03"
"68324652","47.94893","7.5286","2018-05-08","207.43"
"68324664","47.95377","7.52591","2018-05-08","203.94"
"68324670","47.95327","7.52563","2018-05-08","203.72"
"68324680","47.9524","7.5257","2018-05-08","205.51"
"68324687","47.94885","7.52762","2018-05-08","206.89"
"68324699","47.91038","7.49335","2018-05-08","212.03"
"68376366","48.00968","7.59406","2018-05-09","190.64"
"68450726","45.38313","5.74437","2018-05-12","523.88"
"68705437","47.82047","7.54598","2018-05-19","215.94"
"68715476","47.9107","7.57741","2018-05-19","205.01"
"68716603","47.70863","7.51802","2018-05-19","231.72"
"68716654","47.70988","7.52008","2018-05-19","229.35"
"68716666","47.72261","7.53743","2018-05-19","227.14"
"68716677","47.72061","7.53651","2018-05-19","229.11"
"68716720","47.72017","7.53812","2018-05-19","228.25"
"68716723","47.72036","7.53735","2018-05-19","228.13"
"68716764","47.71913","7.53651","2018-05-19","228.62"
"68716771","47.71954","7.53673","2018-05-19","228.8"
"68716791","47.71888","7.53566","2018-05-19","228.57"
"68716802","47.7179","7.53514","2018-05-19","228.66"
"68716810","47.71825","7.53446","2018-05-19","228.55"
"68716820","47.71758","7.53452","2018-05-19","228.68"
"68716830","47.71713","7.53444","2018-05-19","228.68"
"68716835","47.71675","7.53272","2018-05-19","228.77"
"68716847","47.71543","7.5303","2018-05-19","230.59"
"68727882","47.76875","7.51967","2018-05-19","221.9"
"68770345","47.76748","7.52033","2018-05-19","222.05"
"68789094","48.18958","5.66578","2018-05-18","330.61"
"68819839","47.8214","7.5451","2018-05-19","214.9"
"68845853","48.14337","5.11573","2018-05-23","289.42"
"68879939","48.06876","4.58278","2018-05-24","287.25"
"68916622","47.92048","7.56695","2018-05-19","204.13"
"68964599","45.27111","5.83885","2018-05-25","525.61"
"69007804","48.55649","7.47349","2018-05-26","348.19"
"69008125","48.55803","7.45867","2018-05-26","369.94"
"69008307","48.55811","7.46062","2018-05-26","362.53"
"69012496","48.55602","7.47401","2018-05-26","348.73"
"69048601","48.55656","7.47686","2018-05-26","362.44"
"69083421","45.27989","5.75521","2018-05-30","1082.58"
"69095406","44.84248","5.64302","2018-05-28","725.83"
"69096142","45.01267","6.06501","2018-05-30","750.13"
"69136549","48.54109","5.11767","2018-05-31","198.38"
"69136550","48.54109","5.11767","2018-05-31","198.38"
"69256766","48.31287","5.20407","2018-06-04","260.19"
"69331014","45.27896","5.75533","2018-06-06","1076.78"
"69398953","47.96596","7.24838","2018-06-09","412.13"
"69409472","47.97759","7.45756","2018-06-09","201.45"
"69409550","47.98429","7.46096","2018-06-09","201.04"
"69409561","47.98466","7.46122","2018-06-09","200.71"
"69409584","47.98014","7.45674","2018-06-09","198.32"
"69409604","47.98254","7.45868","2018-06-09","201.36"
"69409997","47.97739","7.4591","2018-06-09","202.08"
"69410041","47.9849","7.46136","2018-06-09","200.56"
"69410063","47.97866","7.45595","2018-06-09","202.37"
"69410084","47.98429","7.46109","2018-06-09","201.04"
"69449941","47.94711","7.25344","2018-06-10","344.84"
"69538535","48.14956","5.14076","2018-06-12","244.73"
"69559049","46.43042","0.71875","2018-06-14","137.18"
"69601867","44.76633","5.1101","2018-06-16","449.42"
"69621169","45.61754","6.08479","2018-06-16","913.87"
"69713312","45.26836","5.77151","2018-06-20","1106.5"
"69735655","47.90203","7.41536","2018-06-21","212.57"
"69735711","47.89841","7.41164","2018-06-21","213.38"
"69735736","47.8997","7.41501","2018-06-21","212.98"
"69811957","45.61754","6.08479","2018-06-20","913.87"
"69864720","45.28267","5.7527","2018-06-26","1146.59"
"69882123","47.87371","5.60823","2018-06-26","268.29"
"69892690","45.28586","5.74953","2018-06-27","1337.16"
"69892708","45.28992","5.74109","2018-06-27","1620.74"
"69892710","45.29013","5.74439","2018-06-27","1560.16"
"69892717","45.28436","5.75384","2018-06-27","1227.73"
"69892723","45.28319","5.75356","2018-06-27","1173.83"
"69892738","45.28831","5.74088","2018-06-27","1643.36"
"69892803","45.28856","5.73971","2018-06-27","1689.95"
"69933774","44.60406","4.40089","2018-06-29","204.17"
"70035009","47.69819","5.36759","2018-05-18","302.69"
"70035200","47.71577","5.08311","2018-05-18","394.73"
"70035377","47.66123","5.09328","2018-05-25","388.84"
"70035443","47.6966","5.06613","2018-05-25","418.26"
"70036141","47.71577","5.08311","2018-06-04","394.73"
"70036172","47.69819","5.36759","2018-06-05","302.69"
"70036182","47.78592","5.28633","2018-06-05","422.84"
"70036198","47.81614","5.29105","2018-06-05","449.87"
"70036218","47.86753","5.2543","2018-06-05","422.15"
"70133961","45.47229","5.97709","2018-07-07","356.17"
"70134381","45.21052","5.80447","2018-07-07","217.61"
"70169196","42.73771","1.92293","2018-07-08","1459.31"
"70279428","47.75488","7.35204","2018-07-14","236.67"
"70374760","44.8007","5.8135","2018-07-14","1388.29"
"70401428","45.02745","6.05118","2018-07-17","737.73"
"70407026","45.02745","6.05118","2018-07-17","737.73"
"70754523","46.29787","4.71857","2018-07-27","408.13"
"70754532","46.30185","4.72396","2018-07-27","420.57"
"73681726","46.17359","6.63162","2018-06-30","1526.23"
"73682878","46.18221","6.6381","2018-06-30","1495.9"
"73686073","46.18527","6.63166","2018-06-30","1542.03"
"74062783","44.27942","3.2279","2004-06-09","426.89"
"78455386","47.98926","-1.88883","2019-05-12","76.57"
"79174880","45.79438","1.01816","2019-05-31","314.42"
"79467006","47.89022","7.56764","2019-06-08","207.07"
"79467047","47.90529","7.57782","2019-06-08","205.24"
"79467063","47.89834","7.57416","2019-06-08","204.79"
"79467114","47.89273","7.56746","2019-06-08","205.49"
"79467151","47.89209","7.56723","2019-06-08","207.07"
"79467169","47.90621","7.57945","2019-06-08","204.78"
"79594953","44.95538","5.62492","2019-06-12","724.41"
"79657133","46.16274","5.81114","2019-06-13","471.41"
"79688758","44.56892","5.50598","2019-06-15","710.86"
"79688781","44.56702","5.51173","2019-06-15","679.44"
"79688792","44.56573","5.51436","2019-06-15","654.06"
"79806977","47.70452","5.30939","2019-06-18","346.61"
"79806983","47.70346","5.30537","2019-06-18","358.34"
"79807027","47.67172","5.26727","2019-06-18","332.06"
"79828396","43.81149","3.14385","2019-06-09","498.12"
"79828422","43.77721","3.11507","2019-06-08","626.61"
"79830470","44.99344","5.36204","2019-06-19","1050.92"
"79891861","44.6147","5.00873","2019-06-21","273.41"
"79926911","47.70582","7.47132","2019-06-22","242.83"
"79926944","47.70502","7.47362","2019-06-22","243.41"
"79926948","47.70448","7.47464","2019-06-22","243.41"
"79926949","47.7061","7.47737","2019-06-22","242.61"
"79926956","47.70696","7.48476","2019-06-22","242.8"
"79927037","47.70554","7.47236","2019-06-22","242.83"
"79952168","47.70606","7.4773","2019-06-22","242.61"
"79952181","47.77808","7.48589","2019-06-23","231.71"
"79952218","47.705","7.47368","2019-06-22","243.41"
"79952224","47.7054","7.47129","2019-06-22","242.83"
"79952226","47.70616","7.47731","2019-06-22","242.61"
"79952228","47.70433","7.47502","2019-06-22","243.41"
"79952250","47.70574","7.47127","2019-06-22","242.83"
"79952289","47.77122","7.48955","2019-06-23","232.82"
"80023883","45.27981","5.75543","2019-06-23","1079.85"
"80025621","47.75299","-2.53849","2019-06-26","89.22"
"80059127","47.81614","5.29105","2019-06-17","449.87"
"80059196","47.71577","5.08311","2019-06-17","398.97"
"80060106","47.60472","-2.53541","2019-06-27","43.7"
"80068237","47.34466","4.99137","2019-06-27","346.91"
"80173058","44.47896","3.17461","2019-06-30","775.1"
"80217537","44.78989","4.26508","2019-07-03","1042.12"
"80281841","45.1224","5.63834","2019-06-26","987.8"
"80316658","48.07526","7.56418","2019-07-07","185.01"
"80349542","47.3448","4.99234","2019-07-08","346.91"
"80467956","47.11394","4.7783","2019-07-13","364.06"
"83923027","45.27626","6.3817","2018-06-27","1095.66"
"83923033","45.27484","6.38315","2018-06-27","1151.32"
"83923040","45.27442","6.38373","2018-06-27","1010.11"
"83923045","45.27501","6.37979","2018-06-27","968.91"
"85857157","44.27323","3.23902","2006-06-05","853.65"
"85857218","44.28474","3.31739","2006-06-05","946.39"
"85857263","44.19282","3.21362","2006-06-06","570.79"
"85857533","44.30602","3.24423","2006-06-07","490.01"
"90383383","45.27831","5.76181","2020-05-09","1154.63"
"90840572","45.01866","6.04117","2020-05-21","1499.3"
"90920994","46.40084","5.90324","2020-05-22","1034.01"
"91033871","45.27984","5.75517","2020-05-21","1079.85"
"91166179","45.40707","3.01722","2020-05-26","1025.83"
"91205948","45.79466","1.01799","2020-05-27","314.42"
"91439469","45.84435","5.44258","2020-05-30","360"
"91481336","45.84235","3.95445","2020-05-31","543.57"
"91481345","45.84888","3.95963","2020-05-31","466.11"
"91481349","45.85208","3.95593","2020-05-31","465.55"
"91481368","45.85295","3.9571","2020-05-31","465.55"
"91522462","45.80054","5.53445","2020-05-31","804.62"
"91536085","44.47273","3.19024","2020-06-01","686.9"
"91587929","45.40758","3.02724","2020-06-02","879.88"
"91634171","45.40629","3.01637","2020-06-03","948"
"91634172","45.40718","3.01785","2020-06-03","1025.83"
"91782506","44.98915","5.58658","2020-06-06","1288.61"
"91782510","44.98793","5.58053","2020-06-06","1224.37"
"91947274","45.40686","3.02522","2020-06-10","921.96"
"91960761","47.48665","4.91723","2020-06-07","402.93"
"91960771","47.75516","5.17509","2020-06-08","472.57"
"92099432","45.52801","2.97822","2020-06-14","794.26"
"92099435","45.53129","2.98306","2020-06-14","890.17"
"92099457","45.53429","2.98781","2020-06-14","933.24"
"92128832","44.96691","5.1749","2020-06-14","490.76"
"92271467","45.75927","3.97915","2020-06-18","505.17"
"92271468","45.75844","3.9792","2020-06-18","505.17"
"92271472","45.75847","3.9793","2020-06-18","505.17"
"92400209","43.99021","3.64849","2020-06-21","330.66"
"92436793","45.40701","3.01776","2020-06-22","1025.83"
"92450378","44.84139","5.64188","2020-06-19","725.99"
"92450501","44.83967","5.63127","2020-06-19","702.79"
"92450515","44.84103","5.63335","2020-06-19","671.09"
"92537206","44.84482","5.60963","2020-06-23","888.39"
"92537262","44.82974","5.589","2020-06-23","831.48"
"92783753","45.4776","6.41432","2020-06-16","1387.39"
"92861847","45.29375","5.76862","2020-07-04","1286.51"
"92919117","45.149","5.46808","2020-07-05","1360.22"
"92928514","45.40684","3.02023","2020-07-06","1017.83"
"93027957","47.13576","4.95565","2020-07-09","239.33"
"94392441","44.09043","7.67225","2020-08-02","1338.2"
"97071007","44.46997","3.17877","2007-06-18","674.79"
"97095458","44.25507","3.23143","2007-06-20","400.81"
