Latitude,Longitude,ID
43.657695,3.985837,3743114453
43.811043,3.742865,3759591826
42.698786,2.904695,3764537825
44.15624,1.73661,3944317495
43.631621,3.863449,3860363520
43.74459,3.729221,3858514370
43.814959,3.767452,3858641249
43.545562,3.815775,3858724821
43.830079,3.623935,3858732909
43.005636,6.11137,3858809510
43.807398,3.664351,3859488198
43.395664,5.053792,3859590385
43.638908,3.864921,3859652682
43.192483,5.613369,3859864232
43.690422,3.87593,3860007211
44.514915,4.306139,3860027646
43.834083,3.88338,3860154207
42.637517,2.763796,3860519260
43.915768,3.768473,3860530990
43.192483,5.613369,3860586231
43.586351,5.018348,3860710415
43.123349,5.816893,3872990884
42.686065,2.896633,3873423638
45.719601,4.805354,3873531813
43.754552,4.79927,3874005927
43.371073,6.292191,3881580463
45.790142,4.881257,3881812443
43.638359,3.862923,3902367429
43.637247,3.862129,3902834451
44.638004,4.638348,3904429227
44.492856,1.033358,3905076075
43.774501,4.830996,3905330567
44.187456,4.525067,3905829206
44.039057,4.827413,3905994309
43.756031,4.804287,3905995979
44.039347,4.82813,3906386209
43.515647,3.701319,3858796093
43.600561,1.439477,3860303115
44.59684,4.260168,3872918888
43.176862,5.922863,3873034233
43.772915,3.838376,3873044857
43.163204,6.029085,3873074747
43.000376,6.16753,3873078626
43.372192,1.545683,3873135902
44.055692,4.833058,3873182388
45.771903,4.824918,3873198721
44.837212,5.756668,3873202020
43.505412,5.545478,3873214833
45.879592,1.053767,3873254003
43.121717,6.125156,3873300106
43.630358,2.50208,3873396837
44.509177,4.219059,3873442692
43.692198,5.503519,3873457421
43.000991,6.196563,3873469520
44.596876,4.260612,3873525913
43.622037,7.128586,3873586854
44.278885,4.194824,3873616254
42.67615,3.033114,3873630576
43.732783,3.907492,3873675463
43.870042,3.697647,3873740034
43.740137,7.257563,3873751978
43.097313,5.829672,3873800480
43.677588,5.064917,3873819245
43.834366,3.691731,3873900933
43.507482,7.046483,3873967327
43.88025,4.92822,3874001657
44.803119,5.801256,3874020636
43.163249,6.028671,3874031603
43.410267,6.398178,3874076224
42.634771,2.765491,3874091252
43.862822,3.98286,3874109961
44.429445,4.859675,3874119601
43.16356,6.029009,3874173325
43.109799,1.227954,3881357456
41.707979,9.372315,3881360639
43.345613,5.392679,3881401700
42.636556,2.768264,3881778810
43.586297,2.955609,3888720772
43.622254,3.00471,3888857821
44.107561,3.51582,3888864689
43.622254,3.00471,3888987748
44.387333,4.284379,3892380789
44.409238,-0.815319,3902098938
43.112662,5.969294,3902202805
42.637709,2.766617,3902226427
42.646107,2.781059,3902636981
43.724091,4.718561,3904113464
43.723164,4.808971,3904584762
44.8,0.71,3905241262
43.947887,4.548196,3905618556
43.264221,3.174896,3905831238
43.945595,4.537929,3905910905
43.948139,4.548203,3905948691
43.579655,2.96471,3906213943
43.951584,4.54616,3906262818
44.41328,4.138901,3906373628
43.94809,4.548285,3906865294
44.075456,1.611916,3906963357
43.840252,4.620284,3906983116
43.060183,5.854948,3907044988
44.920753,1.332479,3907290014
43.951641,4.546164,3907370630
43.767599,4.103143,3923626543
43.690833,3.872908,3947335685
44.119307,3.597959,3947468672
43.453448,5.418026,3881813858
43.789943,4.251082,3888833058
46.293757,6.077992,3888884882
43.262372,5.396598,3892556592
43.702544,7.310167,3902176882
43.719718,7.275907,3902315973
43.124865,3.097284,3902715655
43.140943,3.131243,3902750272
43.927401,4.298602,3902978789
43.388293,5.06672,3903394910
43.391732,5.061064,3903396964
42.02059,9.47131,3491767683
43.83529,3.768172,3320848187
43.791153,4.406722,3320853613
43.44043,5.462287,3321057248
43.791096,4.406661,3321204634
42.931632,2.910594,3327682984
43.533058,4.880536,3327728933
43.636704,3.816026,3330429508
43.645025,3.741501,3330782480
43.359358,5.468019,3415671164
43.717683,5.169464,3456916765
43.85053,5.03612,3488967874
43.8517,5.11025,3488973886
43.47199,6.76368,3831342844
43.47199,6.76368,3831431364
43.47199,6.76368,3831440535
43.47199,6.76368,3831456869
43.90345,5.56032,3843744586
43.56823,6.94351,3853219362
43.16731,2.38731,3853949339
43.16731,2.38731,3853949628
43.76402,7.45847,3854290374
43.76402,7.45847,3854290511
44.399858,4.373343,3904017811
43.7099,3.43039,3939448889
43.39244,3.4007,3939448917
43.47931,3.27371,3939449047
43.72035,3.94258,3939948595
43.24782,3.13932,3939960338
43.25055,2.76785,3939971649
43.21387,2.86503,3939972267
43.53455,1.43831,3940676552
43.439381,3.207672,3947498432
44.802663,-0.605,3325688074
43.473733,3.344642,3325703241
43.655537,6.007693,3325720197
44.06399,1.667564,3325804977
43.460537,4.732329,3325904547
43.315731,2.799689,3325952558
44.802336,-0.604876,3327745721
43.072983,5.801182,3327858798
43.727108,4.03251,3328080472
43.873837,3.804438,3328084700
43.13637,5.737097,3328136408
43.468781,3.215899,3328153592
43.563968,5.022221,3330408598
43.332939,5.151542,3330469662
43.919466,5.202176,3330470729
43.298874,3.501657,3330515967
43.558655,7.032386,3330637777
44.419118,4.908425,3330775164
43.82714,3.692136,3330781993
43.873347,4.495116,3330786664
43.644887,3.936612,3333043060
43.625392,3.87168,3333090989
41.508477,9.017866,3333143676
43.617807,6.973133,3333270254
44.124702,4.683955,3333433426
44.305338,4.553235,3335084162
43.207133,5.517695,3335089992
43.722899,3.853503,3335358997
44.156883,4.108478,3337477287
44.192424,5.006335,3337613990
44.187484,4.840039,3338118237
43.072372,5.7889,3343824682
43.341388,5.462851,3398874139
43.341457,5.462945,3398886244
43.340653,5.462741,3399288174
43.357364,5.471135,3455534662
43.374676,5.448613,3456844320
44.227489,4.36537,3456942671
43.773528,4.833068,3466353311
43.76863,5.449657,3468693890
43.768614,5.448254,3468897852
43.96347,4.80032,3491472557
43.13876,5.79568,3491473525
45.08283,5.05732,3491473940
43.136,5.72792,3491478673
43.82915,5.15626,3491480688
44.51646,1.08336,3491480696
45.01166,1.09059,3491566013
43.96665,4.37495,3491575729
43.865,-1.29111,3491576982
43.97166,6.75892,3491583542
43.63567,3.84676,3491585440
43.51477,6.65602,3492264321
43.68763,7.30733,3492264554
43.49545,6.57946,3492264858
43.768433,5.449311,3498648632
43.722925,3.853502,3743332396
43.722963,3.853535,3743351397
43.47199,6.76368,3831253570
44.85761,-0.57339,3831313276
43.47199,6.76368,3831335424
43.47199,6.76368,3831350232
43.47199,6.76368,3831706129
44.01924,5.16774,3843744144
43.83472,5.48124,3843744234
43.96142,5.02821,3843744379
44.18534,5.33215,3843744988
43.49421,3.72327,3853887922
43.38562,3.46399,3853890668
43.37086,3.35829,3853896676
43.2576,3.00563,3853899051
43.49421,3.72327,3853901947
43.180251,5.591797,3858441984
44.112667,1.144903,3873443928
43.695805,7.280007,3881459376
43.543705,6.69102,3902176939
45.389287,-1.15583,3903956774
43.644399,6.748734,3903965667
44.06399,1.667564,3905047915
45.385868,-1.154366,3905117726
44.345358,4.971437,3905662558
45.02971,-1.174796,3925117086
43.28113,3.11238,3939340449
43.35709,3.41603,3939340595
43.28113,3.11238,3939340666
43.28113,3.11238,3939340680
43.28113,3.11238,3939340810
43.1036,3.08186,3939488478
43.57763,3.61742,3939531558
43.37086,3.35829,3939693489
43.53413,3.77213,3940113224
43.62676,4.14818,3943474678
44.05798,2.86733,3944402922
44.06619,2.85105,3944404579
44.06652,2.82955,3944406914
43.62682,4.134944,3335581374
45.03017,-1.157928,3337412183
45.029575,-1.1745,3337440280
43.700409,3.555986,3337482159
44.525863,4.118719,3337576488
44.794262,1.105061,3337667114
43.236855,5.36474,3337753630
43.314518,5.54402,3337771034
43.779317,4.830411,3337936040
43.726501,3.550642,3343928701
43.726501,3.550642,3355090863
43.946514,1.917625,3355252408
43.763658,3.814451,3355303453
43.698402,3.929349,3384426697
43.102008,3.066348,3399245356
43.101261,3.065419,3415527240
43.01109,6.39074,3491478102
43.00524,6.23381,3491584982
44.25437,1.46976,3491585158
44.530647,4.128298,3743191410
43.93544,4.84111,3843744431
44.524501,5.062281,3902038865
43.773573,4.832268,3903911775
44.771645,5.282643,3905220583
45.106212,-1.140394,3905539879
44.465392,4.413934,3905689829
43.201191,5.507141,3905713546
43.769078,2.062011,3905723732
44.044529,6.831443,3905852658
43.214322,5.535,3905881837
43.769007,2.062064,3905945638
43.64129,0.66266,3944183645
44.06452,2.83596,3944404280
44.06898,2.81446,3944405624
43.544599,7.133145,3355143678
43.854074,3.563756,3455886817
43.2417,3.14996,3939971497
43.607133,3.512533,2802961400
43.959231,4.863831,2814113934
43.638926,3.864907,2814121229
43.957442,4.708197,2814299610
43.927373,4.298748,2814308026
43.472611,3.223141,2814311048
43.857154,3.861127,3113410346
44.51999,0.75785,3486019381
44.42484,0.74206,3486019505
44.51999,0.75785,3486019917
43.85053,5.03612,3488969860
43.8517,5.11025,3488970163
43.33893,5.15463,3489930217
43.31638,5.39115,3489930628
43.34853,5.14501,3489934535
43.44279,5.22437,3489937488
43.31837,5.38948,3489949276
43.34013,5.14816,3489950343
43.31633,5.39074,3489950732
43.61722,1.63702,3491405090
43.02147,3.03822,3491512896
42.66453,9.21477,3492322425
42.71249,9.20665,3492322439
42.6627,9.31488,3492322508
42.72021,9.23144,3492322532
42.71904,9.23325,3492324334
42.71811,9.22616,3492324377
42.6471,9.10095,3492324501
42.7176,9.22372,3492324622
42.71967,9.23312,3492324635
42.65112,9.44089,3492324652
42.65411,9.29657,3492324713
42.71812,9.22085,3492324788
42.45877,9.08913,3492325165
42.71993,9.23185,3492325249
42.68534,9.16728,3492325587
42.71772,9.22292,3492325674
42.53942,9.49434,3492325785
42.72904,9.34601,3492325875
42.71804,9.22076,3492326097
42.71961,9.23146,3492326136
42.72896,9.34663,3492327369
42.66508,9.30906,3492327373
42.65116,9.2934,3492327400
42.54299,9.51677,3492327488
42.71596,9.20564,3492327517
42.70423,9.34118,3492327629
42.64072,9.45992,3492327941
42.6974,9.35086,3492327998
42.7244,9.20038,3492328280
42.68824,9.27375,3492328398
42.69061,9.31924,3492328614
42.72141,9.20207,3492328709
42.67858,9.2802,3492328739
42.65989,9.23472,3492330380
42.68676,9.16851,3492330466
42.65986,9.24289,3492330475
42.72478,9.20336,3492330531
42.71488,9.21125,3492330624
42.72294,9.19981,3492330717
42.72393,9.19863,3492331089
42.68794,9.17017,3492332372
42.7248,9.2012,3492332411
42.64131,9.4488,3492332474
42.71313,9.20797,3492333038
42.72444,9.20016,3492333076
42.64186,9.44761,3492333124
42.72436,9.20167,3492333127
42.68838,9.2739,3492333221
42.68817,9.16959,3492333425
42.68723,9.16919,3492333581
42.6398,9.45894,3492333612
42.64215,9.44837,3492334130
42.66276,9.23058,3492334188
42.65882,9.23397,3492334307
42.70789,9.34185,3492334357
42.72208,9.20091,3492334503
42.65428,9.29908,3492334509
42.70625,9.19276,3492334578
42.72414,9.19944,3492334600
42.71778,9.22317,3492334657
42.64712,9.09224,3492334670
42.72462,9.19808,3492334698
42.70478,9.34135,3492334707
42.66344,9.20305,3492334915
42.69881,9.36665,3492335139
42.70752,9.19432,3492335161
42.71099,9.20519,3492335269
42.71709,9.2045,3492335282
42.71507,9.21209,3492336322
42.70423,9.34087,3492336400
42.65981,9.23197,3492336566
42.72266,9.19948,3492336600
42.65385,9.29611,3492336742
42.7187,9.22827,3492336903
44.60935,0.96066,3492619301
44.58728,1.03849,3492619304
44.5473,0.94889,3492619324
44.60935,0.96066,3492619358
44.21646,5.02872,3843743325
44.24788,5.0602,3843743461
43.54994,5.2888,3843743734
43.82695,5.31474,3843743774
44.01291,5.25317,3843743894
43.88858,5.47985,3843743906
44.23018,4.93326,3843744090
44.26254,4.95613,3843744109
44.23018,4.93326,3843744175
43.82695,5.31474,3843744523
43.95908,5.37322,3843744650
44.19463,5.00107,3843744904
43.95908,5.37322,3843744999
42.94765,2.25522,3939948889
42.6285,2.26119,3942342213
44.05137,2.89401,3944407933
43.721683,4.173218,2814035504
43.58778,3.770888,2814135385
43.573328,3.830528,2814431138
44.057521,2.981816,2814462406
43.593127,6.556947,2818518626
43.155206,5.896412,2818559890
44.007857,5.737616,2818646410
43.579511,3.805079,2818779673
43.679958,7.116264,2823084680
43.90171,5.357154,2823122741
43.764992,4.961108,2823146748
43.508055,3.888611,2823282839
44.659036,4.443791,2823308835
43.668971,3.722943,2823333659
43.677647,7.217353,2826142728
43.11428,5.795311,2826200068
43.398281,3.47554,2826209778
43.807247,3.591761,2826237329
43.364082,5.546268,2826244747
43.363361,5.541993,2826253821
43.650115,6.794249,2826264669
43.693303,3.978293,2826295920
43.112843,5.968945,2826392163
43.35484,5.470931,2850680877
43.695608,7.29915,2850979798
44.244558,5.013454,2851152456
41.410458,9.123787,2860090497
43.742805,3.709007,2862336517
43.450723,3.047659,2864700472
43.640227,3.863992,2868224584
44.350757,5.134332,2963945405
43.81228,3.926833,2988469791
41.403475,9.167361,3008438427
42.258431,8.750375,3008447445
43.359511,5.469164,3031654076
43.63328,5.495439,3031947411
43.315553,2.799028,3117903964
43.764386,5.361662,3307128352
41.444656,9.084832,3314293399
43.346265,6.107452,3314463354
43.706321,4.664886,3314467444
44.10904,4.943689,3314493350
43.802333,4.35213,3314511125
43.777334,7.298091,3330525370
44.042017,5.007422,3335145355
44.16453,0.82751,3470398304
44.89769,0.97779,3470863597
44.90318,0.85451,3470863780
44.87216,0.92141,3470863986
44.65446,1.04587,3471100315
43.93449,7.1718,3489927672
43.30651,5.38312,3489928031
43.60503,7.06539,3489929135
43.97059,7.14797,3489930549
43.60158,7.08474,3489932026
44.18865,7.03854,3489936203
43.75705,7.19808,3489936557
43.83302,7.18688,3489938645
43.96142,7.15425,3489944705
43.60477,7.06846,3489945850
43.31644,5.39079,3489947095
43.97307,7.14125,3489947252
43.93802,7.16602,3489947329
43.97542,7.1397,3489948175
43.31638,5.39073,3489948321
43.48381,5.53373,3489949431
44.06252,7.13882,3489950955
43.93854,7.16507,3489951245
43.96388,7.1534,3489951605
43.3164,5.39079,3489953200
44.98342,-1.10764,3490186337
44.01291,5.25317,3491409544
43.30159,3.34798,3491409721
43.65976,6.80301,3491410068
44.14549,4.97923,3491412657
43.70835,4.77804,3491415276
43.02147,3.03822,3491415930
45.75491,4.83635,3491417275
45.08486,-1.04905,3491417430
44.53293,4.23177,3491418649
43.92562,4.26353,3491418914
43.15022,5.99183,3491424586
43.7632,5.30299,3491441829
43.90705,4.18065,3491442724
43.90705,4.18065,3491446827
43.77072,7.31291,3491447449
44.5791,1.79522,3491514368
43.08638,5.82752,3491514476
42.18737,8.7541,3491514684
43.45547,5.01513,3491521540
44.55804,-1.17478,3491524571
44.48311,4.66988,3491524826
43.94669,4.75228,3491534397
44.30115,0.35781,3491647541
44.06027,7.12766,3492284382
44.08608,7.08874,3492284390
44.08645,7.0919,3492284406
44.06393,7.13161,3492284409
44.12918,7.11519,3492284551
45.27582,0.91149,3492285769
44.08881,7.10664,3492286398
44.12881,7.10937,3492286742
44.06722,7.13256,3492287503
44.06735,7.14053,3492287776
44.08529,7.09588,3492288104
44.08606,7.10053,3492288260
44.06824,7.1415,3492289473
44.04971,7.13235,3492289525
44.08568,7.08556,3492289538
44.04837,7.12922,3492289573
44.0457,7.12959,3492289780
44.08844,7.09504,3492289853
44.08622,7.10605,3492289968
44.05458,7.11882,3492290526
44.0645,7.11725,3492290535
44.08754,7.09137,3492290590
44.0887,7.10733,3492290815
44.08166,7.10673,3492290949
44.82143,-0.34336,3495021504
45.3397,-1.09989,3495022396
44.62514,1.02433,3495246309
45.2543,-0.77086,3495280311
44.66508,1.11296,3496176309
43.7632,5.30299,3843743356
44.07311,5.39905,3843743577
44.09941,4.95731,3843743591
43.90134,5.29212,3843743606
44.13218,4.9134,3843743624
44.07311,5.39905,3843743712
44.08694,5.43533,3843743768
44.18857,5.1499,3843744015
44.13218,4.9134,3843744049
44.11196,5.10687,3843744108
44.13218,4.9134,3843744261
43.97962,5.30901,3843744673
44.09941,4.95731,3843744774
44.13821,5.39677,3843744803
44.07311,5.39905,3843744870
44.09941,4.95731,3843744971
43.8673,5.24827,3843744982
42.995799,2.81373,3858278978
44.528375,4.293008,3924990932
42.74297,1.94206,3939931731
43.27332,3.16999,3942312918
43.28113,3.11238,3942323900
43.27332,3.16999,3942324117
43.27332,3.16999,3942324135
43.28113,3.11238,3942334480
43.28113,3.11238,3942334849
43.25816,3.22708,3942335118
43.28113,3.11238,3942341612
43.28113,3.11238,3942360381
43.27332,3.16999,3943483516
44.35879,1.49411,3944184028
44.33963,1.09632,3944184224
44.30496,1.43858,3944185209
44.10906,3.13397,3944303323
44.22998,3.23076,3944303539
44.66013,4.40399,3944324399
44.426,1.44145,3944396027
44.19532,3.18618,3944397629
44.59265,1.40309,3944397846
44.52393,1.45454,3944398947
44.4049,1.44882,3944399116
44.62023,1.41532,3944399177
43.81779,4.34742,3944400083
43.19337,2.34371,3944401530
44.11021,3.10335,3944402307
44.53159,1.4669,3944402373
44.04733,2.88791,3944402945
43.103071,5.878219,2850595247
44.072312,5.014127,2850656053
43.620113,6.969416,2850730835
43.005128,6.376369,2850942019
44.893335,-1.214256,2862331260
41.374809,9.2383,3008489430
43.625178,6.885611,3097342599
43.757281,4.841895,3314487395
43.336983,2.377653,3314505366
43.836892,5.032514,3327952363
44.20652,0.40549,3470580233
43.7374,5.69612,3488969187
44.26254,4.95613,3488972821
43.63269,5.49565,3489196906
43.7519,4.22663,3489197508
43.31644,5.39068,3489928119
42.93635,1.75507,3489931015
42.731,2.00132,3489932578
43.42557,5.3861,3489946909
42.93862,1.75435,3489948676
43.43185,5.39733,3489949299
42.7,2.09752,3489949398
43.13654,5.9326,3491410974
43.55205,7.00479,3491411201
43.55205,7.00479,3491416243
44.05224,1.66008,3491427343
43.55205,7.00479,3491531298
44.695,5.18828,3491540197
44.71547,-0.55706,3492344637
44.71547,-0.55706,3494963309
44.37686,4.99356,3495228994
44.39459,4.93442,3843743478
44.20599,5.27087,3843743603
44.12898,4.81028,3843743658
44.26254,4.95613,3843743717
44.32688,4.94415,3843743837
43.93358,4.90858,3843743879
43.93358,4.90858,3843744453
44.32688,4.94415,3843744826
43.7374,5.69612,3843744885
43.87902,5.38838,3843744977
43.29125,3.25406,3843744987
43.29125,3.25406,3853894495
44.554906,4.696856,3853898737
42.400647,9.532387,3881571335
43.70762,5.08292,3889140274
44.401614,4.18449,3489941497
43.43279,6.14945,3499661645
43.43279,6.14945,3849519489
43.66023,6.068232,3849519804
43.02186,3.04267,2283059499
43.651868,3.931172,2493261366
44.19206,0.04221,2549978786
43.85053,5.03612,3470656304
43.8517,5.11025,3488965954
43.24979,5.38993,3488973451
43.37643,5.43824,3489934090
43.47199,6.76368,3489943353
43.99555,4.93275,3831477554
43.99555,4.93275,3843074367
43.99555,4.93275,3843075066
43.99555,4.93275,3843075256
43.43279,6.14945,3843087314
43.43279,6.14945,3849519540
43.77973,4.59383,3849519659
43.64845,6.06123,3854165385
43.818158,6.097606,3854746663
43.818139,6.097663,2283134519
43.776725,4.83271,2283136497
43.776847,4.832105,2311359542
43.644472,3.880466,2311359915
43.945887,4.859569,2331937414
43.352783,2.804174,2366025427
44.909397,0.641958,2366031290
43.3513,5.85114,2447836333
44.04612,5.93854,2493287054
43.91872,5.12677,2493287404
43.44528,3.06278,2493300314
43.72788,3.80669,2493303124
44.26938,4.13171,2493303263
44.10333,1.28719,2493303292
44.66166,-1.24329,2493451889
43.18255,5.94518,2493457657
43.05106,3.04673,2493458234
44.82388,4.75994,2493458418
44.64642,1.45607,2493463391
42.40949,8.64843,2493465853
44.64616,1.45637,2493465913
43.751893,3.770668,2494525665
43.770943,3.789985,2549978384
43.126306,2.735575,2549978395
43.329213,5.148914,2549978713
43.833851,5.743591,2550062079
43.735769,4.742367,2850995629
44.419501,4.909444,3314147334
44.621068,1.642689,3314195323
44.09504,-0.09018,3399418557
44.15074,-0.21333,3470393858
43.70955,2.74962,3470393884
43.71391,2.7827,3470520337
44.42519,0.97282,3470527599
43.71029,-1.12302,3470580255
43.71029,-1.12302,3486039438
43.71029,-1.12302,3486039487
43.71029,-1.12302,3486039521
44.84707,1.52268,3486039529
45.08424,0.53947,3489311684
44.14959,-0.39061,3489703793
44.98153,0.38643,3489705696
43.37848,5.43908,3489706468
43.92036,5.12799,3489927416
43.29236,5.65673,3489927823
43.35227,5.83897,3489928196
43.31646,5.39082,3489929119
44.05846,5.9409,3489929161
43.91877,5.1269,3489930297
43.9102,5.20043,3489930959
44.26715,5.85861,3489931900
43.3758,5.44005,3489932057
43.31637,5.39095,3489932856
43.31629,5.39105,3489933151
43.14501,5.7686,3489933260
43.11653,5.78372,3489933816
43.29692,5.37001,3489935194
43.32683,5.76426,3489935556
44.04736,5.93624,3489936189
43.45361,5.8626,3489936555
43.92916,5.18809,3489937494
43.32751,5.76433,3489937525
43.922,5.12822,3489938151
43.36778,5.64195,3489939013
43.3164,5.39076,3489940178
43.37378,5.44043,3489940473
43.33517,5.7558,3489940799
43.29241,5.64208,3489941461
44.04704,5.93745,3489942007
43.4067,5.29107,3489942397
43.29215,5.64597,3489943485
43.91863,5.13228,3489943591
43.13917,5.76979,3489944370
43.31645,5.39069,3489944490
43.35314,5.85196,3489944852
43.35259,5.8522,3489945640
43.82288,5.02836,3489945944
43.12434,5.79029,3489946171
43.33502,5.76561,3489946955
43.32778,5.7648,3489947220
43.29246,5.64557,3489947870
43.32889,5.76614,3489947986
43.33521,5.76443,3489948376
44.19606,5.95075,3489949156
43.31637,5.39071,3489949269
43.2947,5.46357,3489949289
43.36307,5.65712,3489949371
44.31259,5.82804,3489949583
43.88623,5.17458,3489949647
43.32334,5.4058,3489949666
43.1168,5.796,3489949753
43.92833,5.18688,3489950029
43.37624,5.4383,3489950060
43.37657,5.43727,3489950280
43.30165,5.3809,3489950431
43.90835,5.1978,3489951831
43.32724,5.76461,3489952166
43.44961,5.87708,3489952340
43.35151,5.851,3489952681
43.31641,5.39075,3489952818
44.04612,5.93872,3489952978
44.34119,0.77364,3489953568
43.63872,3.86393,3491867358
44.85198,-0.33404,3491922908
44.82143,-0.34336,3495021778
45.30734,-0.8435,3495022647
44.85761,-0.57339,3495564443
45.73468,4.91194,3831674011
44.07442,4.03378,3841008306
44.07268,4.02061,3848268120
43.37831,6.27988,3848268529
43.37577,6.26886,3848351743
43.44542,3.65759,3848351748
43.72867,5.18356,3853901520
43.72867,5.18356,3854151463
43.99555,4.93275,3854151519
42.616632,3.091192,3854339362
43.58495,3.80211,3872875338
43.57202,3.83235,3939340876
43.58495,3.80211,3939350687
43.57202,3.83235,3939350932
43.57763,3.61742,3939351038
43.57763,3.61742,3943454313
43.57763,3.61742,3943455098
43.57763,3.61742,3943455256
43.63949,3.57398,3943463632
43.57763,3.61742,3943464046
43.63949,3.57398,3943475203
43.631049,5.150567,3943483344
42.222008,9.538017,2397499871
43.339797,3.428207,2447836173
43.9167,4.888232,2447836726
44.444202,4.844485,2447844294
43.9604,5.78818,2456502452
43.60941,5.48028,2493306498
43.50855,7.04158,2493339958
43.930274,5.188649,2493489260
46.9392,1.997003,2549979367
44.049604,4.713478,2549980871
43.225105,5.545937,2549981672
45.311906,4.781306,2549983402
43.622255,7.128991,2550136882
45.555039,4.916944,2574095944
43.996279,5.840813,2883078731
44.216816,-1.298118,3321105333
44.613953,0.817617,3337414337
44.89769,0.97779,3337700123
44.25073,3.95907,3470864304
43.87254,4.31925,3489931308
43.6965,4.58687,3489933869
43.70284,4.56982,3489935233
43.8094,4.40217,3489940693
43.75974,4.49395,3489941486
44.24571,3.93025,3489948067
43.63427,4.74292,3489950269
45.2543,-0.77086,3489953068
42.98607,1.75027,3495819444
43.67715,5.43103,3496197154
43.34963,6.43519,3848284404
43.72597,3.35006,3489938485
43.216699,5.433333,3851474589
44.09504,-0.09018,3456087160
44.50796,0.97997,3470393855
44.50796,0.97997,3470580032
45.11476,1.19316,3470918362
45.83277,-1.22543,3471035356
43.85053,5.03612,3471447860
43.8517,5.11025,3488968486
44.8463,1.49419,3488972668
45.10631,1.22912,3489292892
45.10631,1.22912,3489613335
44.21339,-0.178,3489613346
43.31645,5.39085,3489705698
43.32971,5.40045,3489935423
43.32327,5.40576,3489937097
43.31645,5.39085,3489938840
43.45311,6.83545,3489940673
43.31645,5.39085,3489941911
43.33125,5.39839,3489946507
42.86465,2.69294,3489949375
44.22008,-0.90656,3492767959
44.18814,0.71124,3494809654
43.27371,5.96708,3495103337
43.99555,4.93275,3840891814
43.99555,4.93275,3843074385
43.99555,4.93275,3843075244
43.182641,5.709571,3843080089
43.88673,7.45341,1986536795
44.38285,4.20763,2486729549
44.6253,-1.25015,2493374626
44.16904,4.55262,2493384722
43.094201,5.86174,2493394624
43.077904,5.856246,2549998230
43.641175,3.887599,2550163156
43.182641,5.709571,3314331429
45.003925,-1.172488,3325710377
42.654558,9.281518,3337797330
45.01547,0.45106,3466248061
44.12065,0.65484,3470863367
44.04099,0.36771,3470895419
44.11723,0.5383,3470895704
44.12852,0.78326,3470895795
44.14123,0.84875,3470895913
44.12852,0.78326,3470896451
44.04099,0.36771,3470896570
44.09297,0.58953,3470896732
44.13197,0.3434,3470896894
44.02326,0.28636,3470897052
44.04099,0.36771,3470897328
44.13765,0.56816,3470897431
44.21631,0.89353,3470897702
44.21631,0.89353,3470897716
44.21631,0.89353,3470897800
42.27021,9.08308,3470897920
42.38259,9.19372,3471470620
42.51986,9.36037,3471470895
42.44745,9.25486,3471781132
42.61656,9.44081,3472092097
45.3397,-1.09989,3472608660
43.3154,5.38898,3489588396
43.31075,5.39197,3489931070
43.31645,5.39085,3489943086
43.31645,5.39085,3489944578
43.29303,5.48024,3489945777
43.31645,5.39085,3489947431
43.31645,5.39085,3489951066
43.52398,2.32334,3489952664
43.44673,2.04815,3491658595
44.33336,0.17642,3491820769
44.3117,0.08441,3493618333
43.48315,-1.28294,3493618362
43.51001,-1.2075,3495248301
42.98224,1.96832,3495248302
42.97458,1.97114,3495697421
43.65998,2.91942,3495698021
43.83321,4.29893,3849498401
43.599406,3.823406,3853247507
43.398686,5.368408,3860425490
43.398686,5.368408,3872878317
43.710324,5.435273,3872963315
43.710324,5.435273,3873223319
43.710324,5.435273,3873237318
43.861379,5.306268,3873340315
43.861379,5.306268,3903930596
42.68741,9.28413,3903955839
43.13834,3.09271,2493384663
44.61065,6.36107,2550079849
44.3734,0.95538,2584143571
44.46352,0.56805,3470895778
44.60935,0.96066,3470896142
44.27752,0.75651,3470897629
42.43449,8.99707,3470897747
43.31645,5.39085,3472441656
44.37114,0.3861,3489950235
43.71236,7.23793,3494251371
43.587776,5.190556,3840852304
43.595582,3.826274,3873610317
45.63466,4.81612,3923575685
43.64386,-1.03839,2489070189
44.23421,4.14081,3830650430
44.11531,5.15533,3831097496
43.8904,5.14684,2494532181
43.66552,5.13842,2494653313
43.75547,5.14178,2494825937
44.07602,4.84163,2494852330
44.06908,5.21602,2494925156
44.07033,5.15363,2494965994
44.23293,5.91133,2495097324
44.11407,5.21778,2495119859
43.5318,5.07159,2495260154
43.5318,5.07159,2495388801
43.93999,4.89953,2495546543
44.07385,4.96644,2495588924
43.5318,5.07159,2495744109
44.27791,5.91364,2495753349
43.84025,5.39372,2497449220
43.64836,5.88164,2497471974
44.1177,5.03044,2497794359
43.71049,5.1401,2498279465
43.65757,5.51009,2498422968
43.37697,5.92977,2498449982
44.12204,4.78063,2498498857
44.11407,5.21778,2499842798
43.71169,5.0781,2500930216
44.363008,4.523535,2502284471
43.45721,-1.40448,3466390785
44.6845,0.80623,3470516322
43.8517,5.11025,3470863939
43.85053,5.03612,3488967148
43.23568,5.81429,3488972242
43.52877,5.04629,3489930173
43.60834,4.96482,3489930397
43.13746,5.84755,3489931025
43.12349,6.01874,3489931472
43.30157,5.65854,3489931518
43.1171,6.01295,3489931688
43.29864,5.65361,3489932615
43.14757,5.92806,3489932714
43.11877,6.01642,3489932858
43.11834,6.02028,3489934059
43.31168,6.00877,3489935054
43.68943,5.96867,3489935957
43.12144,6.02979,3489938335
43.11973,6.01632,3489938717
43.1463,5.92699,3489939769
43.6577,6.00581,3489939912
43.51721,5.47555,3489940238
43.11942,6.02277,3489940476
43.13746,5.84755,3489940847
43.12119,6.01887,3489941091
43.24757,5.99908,3489941549
43.5267,5.04729,3489942257
43.3111,6.01178,3489942697
43.29985,5.66075,3489942808
43.28263,5.59788,3489943940
43.13547,5.84656,3489945778
43.12128,5.9362,3489946006
43.29866,5.65412,3489946569
43.6581,6.00492,3489946735
43.283,5.62162,3489946848
43.45608,5.31261,3489946936
43.58204,5.00055,3489946950
43.11978,6.0299,3489946995
43.09279,5.89309,3489947097
43.30024,5.65893,3489948946
43.31064,6.00866,3489949097
43.68991,5.96847,3489949178
43.12187,6.01912,3489949363
43.31168,6.00877,3489950039
43.07245,5.92109,3489953341
43.11775,6.01737,3489953661
45.19111,0.48808,3489953784
43.05455,1.72327,3492234321
43.05286,1.71709,3496375541
43.05142,1.71748,3496380580
43.04906,1.71831,3496382251
43.99555,4.93275,3496384412
43.99555,4.93275,3843074562
43.99555,4.93275,3843079976
43.742063,3.709372,3843080154
43.693519,3.565971,1572363629
43.693571,3.566016,1572367316
43.814278,3.735723,1572367405
44.79911,6.57346,1640042276
44.8461,6.51311,2471510465
43.83819,5.94212,2471645194
43.6504,3.50352,2494742593
43.58121,4.82576,2494745599
44.23293,5.91133,2495357297
44.14463,5.84427,2495378403
43.63216,6.43873,2495635048
43.33529,5.80433,2496100294
43.37697,5.92977,2496215814
43.94209,4.77502,2496288942
43.33687,5.74274,2497639136
43.66788,5.01451,2497793868
43.33367,5.86591,2498944830
43.87317,5.89299,2499012082
43.62291,5.01293,2499247860
44.32289,5.91595,2500060698
48.92396,2.25508,2500423306
48.80683,2.30894,2511597888
44.566285,-1.215125,2511627159
43.819419,3.72978,2549978242
44.22562,4.722689,2550005313
44.550098,4.416788,2550038517
43.814191,3.735893,2550111515
43.81819,3.7316,2550144915
44.87291,6.42653,2550160105
44.78208,6.472,2582643056
46.24532,6.04476,2582962641
44.39044,1.29497,3122018891
44.58634,1.44971,3470519403
44.39044,1.29497,3470520075
44.55804,-1.17478,3470528063
45.03154,1.39981,3470863634
44.29155,1.50033,3470863956
43.13746,5.84755,3489300924
44.16561,3.76948,3489928768
43.13781,5.84301,3489932163
44.13769,3.75017,3489932453
43.13746,5.84755,3489934115
43.03531,6.12667,3489935482
44.136,3.87218,3489935487
43.1496,5.92505,3489936011
43.14848,5.92199,3489936089
44.16178,3.66111,3489936855
43.13634,5.84653,3489937718
44.15766,3.84366,3489937968
43.03806,6.12411,3489940124
44.15661,3.68153,3489940184
44.13982,3.76999,3489940240
44.1327,3.75732,3489941217
44.16442,3.79267,3489941495
43.43617,3.59598,3489941698
43.13695,5.84287,3489941739
44.18387,3.61075,3489941901
43.15984,6.04148,3489942733
43.18244,6.03759,3489943218
44.13735,3.76586,3489943383
43.1199,6.01768,3489944940
43.04821,6.14649,3489945059
43.1378,5.84488,3489946363
43.31168,6.00877,3489946925
43.13635,5.84443,3489948348
43.1478,5.74756,3489952772
43.84547,4.2567,3491487722
44.30973,1.54072,3492998713
44.30517,1.55348,3495779381
44.11906,3.1821,3495833118
44.27546,1.48517,3495851873
44.27057,1.45981,3495882281
43.02254,1.77646,3495961143
44.4319,4.70882,3496198490
44.4319,4.70882,3841261316
43.354066,2.7466,3841612316
44.874682,4.548265,3889103641
43.52581,3.85823,3903941005
43.52581,3.85823,3940113516
43.03137,2.20312,3940121408
43.52123,5.56598,3944324426
44.11531,5.15533,2494520845
43.93999,4.89953,2494924619
43.35193,5.06512,2495972944
43.94106,4.83728,2496988732
43.94106,4.83728,2498981196
44.0241,5.21427,2499954270
43.743887,4.795495,2501005168
46.24532,6.04476,2549966275
42.022778,9.474491,3122018784
43.11584,6.02593,3466256012
43.13845,5.84459,3489928596
43.11825,6.02429,3489929858
43.14546,5.84348,3489929975
43.11878,6.02435,3489932689
43.14147,5.84047,3489934587
43.12,6.02382,3489935802
43.14147,5.84047,3489939615
43.13692,5.91139,3489940732
43.13909,5.84142,3489941460
43.14412,5.84236,3489944584
43.11538,6.02735,3489947825
43.11522,6.0276,3489947977
43.13746,5.84755,3489950621
43.14117,5.84514,3489951797
43.52928,2.30529,3489951891
43.52281,2.32007,3491818007
43.514697,4.787636,3491818016
43.4724,6.29452,3904005999
43.05465,5.82569,3489951085
43.1014,5.84104,3489948842
43.38488,5.62161,3489930948
43.6282,4.70335,2473248425
43.53726,4.76251,2475378396
43.71614,4.83006,2475643495
43.22573,6.47608,2481797950
43.57484,6.80695,2494489768
43.24045,5.9844,2494623739
43.39805,5.00507,2494814557
43.60848,7.11915,2495027990
43.52408,5.4424,2495030751
43.50486,6.18368,2495164953
43.5255,6.92748,2495788018
43.62513,4.88911,2495938770
44.14131,5.96918,2497390325
43.98605,4.83873,2498886460
43.50841,6.06017,2499128074
43.8517,5.11025,2500196152
43.85053,5.03612,3488966358
43.54676,4.66195,3488970120
43.68215,4.13592,3831749087
43.36046,3.54723,3939431331
43.36046,3.54723,3939438767
43.84463,4.34761,3939449154
43.97829,4.55589,3939456430
43.96716,4.51931,3939456640
44.12696,4.35664,3939464437
43.96716,4.51931,3939465262
44.12696,4.35664,3939473059
43.32826,3.114,3939473264
44.12696,4.35664,3939479684
44.06933,4.31114,3939531906
43.9409,4.56476,3939545739
43.32826,3.114,3939546185
43.32826,3.114,3939546242
44.15985,4.88405,3939553291
43.53726,4.76251,2472091279
43.49228,4.76113,2475409539
43.50486,6.18368,2494616261
43.93999,4.89953,2495101600
43.4617,6.11949,2495226926
43.60005,6.00311,2495252661
43.4617,6.11949,2495315846
43.57906,4.94949,2495392375
43.50486,6.18368,2495426155
43.92137,5.77085,2495932175
43.62513,4.88911,2496031508
44.14131,5.96918,2496918734
44.05137,5.96449,2497045937
44.0064,5.96215,2497541344
43.62513,4.88911,2498301359
44.04792,6.08918,2498323761
43.50665,6.12193,2498465864
43.96311,5.89755,2498495043
43.60174,5.94125,2498824505
48.81473,2.36069,2499953795
45.08537,-1.188068,2511432864
46.24532,6.04476,2549981306
46.24532,6.04476,3122018874
46.2461,6.10958,3122018892
46.2461,6.10958,3122018901
44.978896,-1.080997,3122018949
42.37094,8.81888,3335356372
43.35709,3.41603,3472741733
43.84818,3.73008,3491422338
43.49017,3.54002,3492680453
43.48809,3.54111,3495772417
44.01095,2.9728,3495845789
44.03439,2.9182,3495893217
42.96715,1.85403,3496036329
43.84463,4.34761,3496078164
42.6839,3.01091,3838747310
42.6839,3.01091,3939438405
43.62411,3.79574,3939472629
43.2496,2.36605,3939489020
43.20405,2.76203,3939497894
43.20405,2.76203,3939497932
43.20405,2.76203,3939506332
43.9739,3.44708,3939514587
43.62411,3.79574,3939514666
43.61681,3.774,3939514838
43.66928,3.8632,3939515128
43.61681,3.774,3939532020
43.63772,3.91242,3939539182
43.61681,3.774,3939545991
43.61681,3.774,3939562756
43.954166,0.380278,3939562849
43.49126,4.8229,1305127382
43.67413,4.64272,2494362481
43.73662,5.94818,2494428861
44.27452,6.03884,2494440174
43.67413,4.64272,2494856618
43.62513,4.88911,2495402494
43.73662,5.94818,2498494884
44.27791,5.91364,2498872201
43.49228,4.76113,2499654275
44.28116,5.78843,2499702608
43.12674,5.86896,2500173057
42.84513,2.60745,3489928477
42.8511,2.60657,3489931442
42.89089,2.74748,3489934070
42.8498,2.61253,3489942740
42.6351,2.41671,3489943128
42.59194,2.37207,3489946183
42.59529,2.41709,3489951057
43.16685,5.92105,3489951963
42.85043,2.62747,3489952692
44.05833,1.96845,3489953247
43.68268,4.08415,3495933966
43.65775,4.40741,3939522932
43.84463,4.34761,3939531345
43.451,5.85937,3939531665
43.56738,6.4984,3831896390
41.473005,9.262066,3489774331
43.40135,6.44936,2465318822
43.40135,6.44936,2475925975
43.53273,5.11144,2475927982
43.53378,5.1104,2476948916
43.79936,5.80948,2477099151
43.79936,5.80948,2477181513
43.69166,5.94587,2477232987
43.82311,6.07703,2477306317
43.69332,5.8839,2477306475
43.82134,6.13913,2477306911
43.82134,6.13913,2477343337
44.04339,6.83264,2477347737
44.11653,5.09289,2486891318
43.46346,6.05778,2494947238
43.50665,6.12193,2495254542
44.02773,5.02724,2495398949
43.69166,5.94587,2495450893
43.40937,6.36366,2495776587
43.93538,5.14854,2496121365
43.645,6.00547,2496347796
43.82984,5.8286,2496348531
43.45808,6.2429,2496965588
43.50841,6.06017,2497021134
43.40937,6.36366,2498014481
44.27452,6.03884,2498017794
44.1177,5.03044,2498388601
43.7415,5.76214,2498616051
43.96311,5.89755,2498724063
44.18796,5.90903,2498945571
44.00807,5.89984,2499466618
44.0241,5.21427,2499675115
43.80254,3.95785,2502110614
43.8517,5.11025,3470811343
43.85053,5.03612,3488967915
42.9771,1.85003,3488973856
43.81473,3.66518,3495826421
43.5035,4.13846,3496066318
43.83819,5.94212,3496068011
41.466341,9.271713,3841528707
43.03601,1.74406,3873478306
43.02827,1.73262,3939302613
43.53149,3.54356,3939302763
43.53149,3.54356,3939431373
43.97757,4.23492,3939456363
43.49412,3.66059,3939456384
44.22757,4.03013,3939456441
44.06933,4.31114,3939457083
44.1164,4.03316,3939488459
43.49412,3.66059,3939488875
43.45051,3.626,3939489074
43.90394,4.62709,3939489277
43.24926,2.89157,3939506450
43.85718,4.63402,3939507251
44.22757,4.03013,3939514648
44.38378,5.71226,3939532286
43.10166,6.1899,2469664864
43.10166,6.1899,2475442913
43.90954,5.72018,2475638926
43.67219,4.76666,2475716674
43.67219,4.76666,2481594307
43.40519,4.57334,2481715927
43.67219,4.76666,2481760867
43.09856,6.22274,2481819390
44.11147,5.34265,2485087540
43.46346,6.05778,2494411478
43.50841,6.06017,2495620980
43.53624,4.82433,2495819694
44.11012,5.40508,2497752357
43.325677,5.581055,2498345041
44.95881,5.98069,2550123712
44.95881,5.98069,2581841465
44.95881,5.98069,2581877499
44.95881,5.98069,2582099799
44.95881,5.98069,2582662818
44.89019,5.96406,2583515875
44.88144,6.07936,2583704983
43.828869,5.017415,2583879956
43.352628,5.642777,2597716870
45.953871,6.047984,2898400332
46.24532,6.04476,3090594770
46.2461,6.10958,3122016660
44.468533,1.467697,3122018883
43.723397,4.996033,3128885307
43.36044,3.59347,3335377336
45.36424,0.64577,3481858266
43.60549,5.74105,3489597307
43.6775,2.75381,3489854456
43.93809,1.09342,3495117353
43.6912,2.59263,3495673559
42.96657,1.77323,3495691386
44.30248,1.43737,3495887442
43.94738,1.10136,3496140060
42.9854,1.47384,3496172610
42.9831,1.96406,3496367427
42.69367,1.44987,3496372789
42.72196,1.98122,3496376556
43.05248,1.67838,3496377261
43.61117,1.40436,3496378318
42.96361,1.59138,3496382802
43.1819,2.4166,3496386320
43.13521,1.07014,3496388076
42.70447,1.97232,3496389464
43.26222,2.91178,3496391041
42.66313,1.8355,3496395197
43.09993,1.65617,3496395928
42.69733,1.97112,3496398291
42.96964,1.52451,3496398992
43.00362,1.30386,3496399442
43.324911,-1.705854,3496402676
43.449397,6.096656,3499359928
43.93308,4.60395,3905713613
43.8632,3.98381,3939456326
43.91833,3.99711,3939522540
44.64332,2.97579,3939552627
43.800605,7.461392,3944393940
44.15529,5.04999,3960972193
43.7415,5.76214,2475631322
43.65757,5.51009,2494324446
43.69809,5.698,2495119938
43.89391,4.96024,2495194732
43.65757,5.51009,2496665840
43.69809,5.698,2497596431
43.75547,5.14178,2497610878
43.75547,5.14178,2498080877
43.80165,5.08137,2498395756
43.91814,5.89527,2498531071
43.52408,5.4424,2498812382
43.78487,5.82638,2498886447
43.75667,5.07973,2500079015
43.53726,4.76251,2500182342
43.53726,4.76251,2475541052
43.40135,6.44936,2475643139
43.73755,5.28548,2475933948
43.73425,5.31538,2477125557
44.82079,4.57246,2477236304
44.92256,4.91363,2477935617
43.67911,4.27086,2477947605
43.62291,5.01293,2481758300
43.49421,3.72327,2494652701
43.49421,3.72327,2494668574
43.57699,6.74515,2494742592
44.29766,5.03689,2495677354
44.07385,4.96644,2495836822
44.16383,4.96955,2497523162
44.1177,5.03044,2498009615
44.1177,5.03044,2499144754
43.71624,4.12174,2499211636
43.8517,5.11025,3470809129
43.85053,5.03612,3488968875
43.94502,-0.45789,3488974665
43.63696,4.08289,3493780331
43.65851,4.01038,3939464690
43.52581,3.85823,3939531463
43.57484,6.80695,3939552310
44.41516,5.17845,2473252507
43.61869,6.96429,2475444840
44.41516,5.17845,2475463895
43.73394,5.31514,2475670688
43.7372,5.28516,2476895332
43.6685,4.64127,2476927181
43.66947,4.64808,2476927288
43.73425,5.31538,2476927951
43.6681,4.63172,2477140962
43.10139,2.38645,2477195185
42.96356,2.28095,2477933942
43.29947,2.06297,2477935898
43.34796,2.85353,2477948896
43.15467,2.30508,2477948902
43.32975,2.8713,2477948949
42.96356,2.28095,2477949855
43.36331,2.72133,2477949908
44.40036,4.40545,2477950896
43.6034,5.87938,2477951770
44.11884,4.968,2494500429
43.40923,3.51266,2494590610
43.6034,5.87938,2494670506
43.57906,4.94949,2495694680
43.58121,4.82576,2496271484
43.60174,5.94125,2496564688
43.77615,4.468584,2496806690
43.73003,1.78867,2992704359
43.73635,1.79567,3470927445
43.65432,1.96409,3470928512
43.71422,1.80605,3470941092
44.29156,1.50051,3470941504
44.85758,1.92111,3486077209
44.87022,1.56797,3495733110
44.87222,1.92806,3495739171
44.10867,3.13161,3495745200
44.11603,3.24732,3495746732
44.85536,1.54255,3495847365
44.05485,3.30382,3495853148
44.84651,1.50442,3495861198
44.86981,1.88523,3495942391
44.1083,3.26082,3496116341
43.04391,1.69396,3496119935
43.04294,1.69229,3496373613
43.04877,1.75975,3496387374
43.09643,1.87662,3496388600
43.04777,1.78731,3496391681
43.77615,4.468584,3496401537
43.778853,4.475492,3872987314
43.739451,4.110003,3873237317
43.66196,3.88658,3904869579
43.84463,4.34761,3939431944
43.84463,4.34761,3939439040
43.70744,3.8649,3939456599
43.72788,3.80669,3939457012
43.75155,4.31735,3939457062
43.84463,4.34761,3939465002
43.84463,4.34761,3939472812
43.84463,4.34761,3939473137
43.84463,4.34761,3939479970
43.84463,4.34761,3939488489
43.84463,4.34761,3939489214
43.84463,4.34761,3939522860
43.84463,4.34761,3939523146
42.80693,2.97346,3939539121
43.84463,4.34761,3939563058
44.02381,4.75806,3939563201
44.67879,-1.2421,2473583842
43.4356,3.47074,2486206630
43.4356,3.47074,2494671591
44.18796,5.90903,2494753628
43.89391,4.96024,2496453541
44.18629,5.97153,2497213274
44.18629,5.97153,2499348418
43.03617,1.71818,2499552850
43.037,1.71226,3496382326
43.03507,1.7153,3496384104
43.119599,3.080823,3496398687
43.90436,4.68323,3784893124
43.75164,4.49586,3939431776
43.75164,4.49586,3939456600
43.90436,4.68323,3939488320
43.90436,4.68323,3939515300
43.91127,5.92481,3939522382
43.91127,5.92481,2477762780
41.472675,9.269465,2477764688
43.58121,4.82576,1990532510
43.53726,4.76251,2475409222
43.53726,4.76251,2475470423
43.67552,5.76919,2475603796
43.81,4.58448,2477089072
43.66788,5.01451,2481763153
43.85053,5.03612,2494532509
43.8517,5.11025,3488966514
43.65851,4.01038,3488971063
43.53726,4.76251,3939506625
43.53726,4.76251,2475379300
42.55254,2.98034,2475394044
43.85499,4.58573,2475701739
43.8904,5.14684,2481818806
44.1177,5.03044,2494324450
43.53518,4.88615,2494499802
43.54981,6.18618,2494593985
44.14623,5.78181,2494606247
43.59292,6.25052,2494655190
44.23775,5.72366,2494839253
43.63018,6.50061,2494882160
43.54981,6.18618,2494946120
43.19718,5.92065,2495713533
44.07385,4.96644,2495737853
43.60848,7.11915,2496031580
44.07385,4.96644,2496125915
44.4686,5.48322,2497463395
44.45442,6.04851,2497524059
43.48497,6.801,2497735832
43.75423,5.20383,2497779791
44.1478,5.71935,2497941454
44.16493,4.90705,2497978475
44.23618,5.78622,2498324316
43.75547,5.14178,2498360283
44.23618,5.78622,2498531293
43.724,6.38215,2498902293
44.42072,5.60679,2499300950
43.19718,5.92065,2499405968
44.95881,5.98069,2500079581
44.005259,1.707346,2583350483
43.4077,3.17156,3307133511
43.6772,7.07503,3475151749
44.3298,4.67178,3475242724
42.7529,2.95287,3475302134
44.714,1.66465,3475395937
43.6588,2.62873,3481020434
42.63589,2.71023,3489311865
44.0376,3.23331,3492810451
43.6621,2.63204,3495684641
44.7308,1.68389,3495706793
44.0532,1.09627,3495736356
44.1035,1.08167,3495742194
43.7389,2.56778,3495757408
44.0705,2.04735,3495793694
44.1496,1.18349,3495809764
43.31651,1.44223,3495813154
44.12592,1.24092,3495834386
44.8592,1.89154,3495857132
44.7755,1.71965,3495876396
44.7386,1.67943,3495882102
42.97135,1.83603,3495915756
43.03634,1.80758,3495999598
43.718462,4.149478,3496384832
43.758201,4.736996,3802375060
44.63077,6.18422,1291061916
44.71889,6.2524,2471881461
43.12681,6.01939,2471899340
43.25113,5.62957,2472891361
43.28081,5.71009,2472892049
43.12681,6.01939,2472892493
43.25113,5.62957,2472894118
43.25113,5.62957,2472935382
43.28081,5.71009,2472937633
43.25113,5.62957,2472938674
44.37103,3.7651,2472941496
43.24745,5.6906,2475684686
43.11951,6.01552,2476928424
43.25496,5.68345,2476982458
43.25487,5.68308,2477147767
43.24783,5.69083,2477148195
43.26644,5.62445,2477171519
43.26643,5.62677,2477176780
43.11988,6.01751,2477220832
45.02683,3.62334,2477236405
44.32925,5.66532,2487255076
44.18796,5.90903,2495271371
44.23775,5.72366,2495424514
44.28427,5.6632,2496781714
44.23929,5.66109,2497113892
44.18629,5.97153,2498431134
44.23618,5.78622,2498821743
44.23618,5.78622,2498902130
44.7456,6.27295,2498999707
44.6468,6.21183,2581906364
42.26,8.72,2582857377
44.351346,1.254906,3011302807
43.9583,3.73184,3314216380
43.6358,4.54996,3475108225
43.9565,4.81938,3475413512
44.8573,1.901,3475544511
43.9321,2.04215,3495772054
43.9243,2.0364,3495812560
42.96086,1.75812,3495877905
43.93544,4.84111,3496143852
44.19398,4.84762,3841581359
43.67413,4.64272,2477173710
43.58121,4.82576,2481452720
43.67413,4.64272,2495308988
43.58322,4.70202,2498153801
43.65851,4.01038,2499135774
43.6282,4.70335,3939552984
43.54676,4.66195,2475460479
43.22722,5.76578,3831756172
43.7942,4.6862,2469674590
43.7942,4.6862,2472891198
43.7942,4.6862,2472891605
43.72113,5.24543,2472894781
43.77809,4.64744,2472938737
43.78369,4.67425,2477044635
43.78492,4.67208,2477150099
43.70533,5.38808,2477165500
43.70395,5.45007,2494488635
43.70533,5.38808,2494602104
43.74892,5.452,2494793017
43.70533,5.38808,2494898406
43.58322,4.70202,2494899492
43.74892,5.452,2494962551
43.79527,5.39184,2495146488
43.70254,5.51206,2495378331
43.58322,4.70202,2495501216
43.74892,5.452,2495614563
43.7503,5.38996,2495687450
44.37863,5.47928,2496324252
43.74892,5.452,2497831530
43.70109,5.57404,2497845321
43.7503,5.38996,2497970779
43.53825,4.70068,2498395877
43.5318,5.07159,2498570322
44.11884,4.968,2498639989
43.7503,5.38996,2498728437
43.75295,5.26588,2499616771
43.75295,5.26588,2500291693
44.18905,-1.24528,2500376588
43.55421,2.31,3471890656
43.54359,2.32755,3486058563
43.8517,5.11025,3486058947
43.85053,5.03612,3488971977
42.77133,2.92064,3488972616
42.98459,1.7447,3495708698
43.222783,5.539096,3496167115
44.41726,6.615,1453048445
43.7942,4.6862,2470464888
43.72115,7.15998,2472891842
43.19255,5.61277,2472892785
43.68708,7.3303,2475446008
43.61335,3.86927,2475503026
43.59609,7.00109,2475602667
44.47854,1.90175,2475602757
43.78571,4.65357,2475706501
43.99465,5.9661,2477052237
43.99465,5.9661,2477764710
43.87317,5.89299,2477765714
43.87317,5.89299,2478113647
43.81,4.58448,2478149736
43.70395,5.45007,2481684113
43.49327,4.69935,2494767475
43.67219,4.76666,2494837775
43.70109,5.57404,2495074986
43.79103,5.57809,2495257211
43.7415,5.76214,2495264849
43.35635,4.81863,2495590800
43.61081,7.05732,2495617153
43.74606,5.57606,2495775629
43.58322,4.70202,2496191089
43.58322,4.70202,2496731739
44.37863,5.47928,2496815480
43.73142,6.13419,2496854418
43.79103,5.57809,2497261809
43.58322,4.70202,2497368771
44.1603,5.15704,2497433916
43.67219,4.76666,2497780513
44.25267,5.03527,2497815258
43.645,6.00547,2498121733
44.23458,5.84878,2498124457
43.67219,4.76666,2498243579
43.74606,5.57606,2498300984
43.79103,5.57809,2499069740
44.23458,5.84878,2499891541
43.69961,5.63602,2500761470
43.826258,3.716719,2501224069
45.85625,5.7839,3058996822
44.08277,3.63611,3471778510
43.62552,2.89026,3471810066
43.6544,3.91853,3472034809
42.83508,2.06618,3475534579
44.05793,2.90156,3480934635
43.556,2.29743,3480940005
43.5491,2.32513,3486058252
43.5505,2.32176,3486058664
44.35331,1.4941,3486058712
46.76478,6.35379,3486075113
44.0411,3.23724,3491451341
43.9406,2.82624,3495390746
43.33829,1.43303,3495734259
44.0386,2.92451,3495808370
43.95078,2.89906,3495865948
44.01225,2.96468,3495946157
44.68063,1.26423,3496083439
44.09092,0.95977,3496158234
44.09455,0.94627,3496308400
44.09742,0.93282,3496309281
44.1012,0.91197,3496309402
43.61478,1.4453,3496309562
43.720013,4.012454,3496309891
43.65757,5.51009,3705464622
44.84526,1.49554,2498240333
44.01158,3.51337,3470886529
44.08277,3.63611,3471734753
43.37834,1.3755,3471953378
42.86577,1.7916,3481099075
44.8444,1.49103,3495735888
42.96125,1.75734,3495855169
44.25117,6.78968,3495913138
44.21458,6.76286,2480393561
44.28806,4.75252,3472092142
44.72638,5.30415,2472088358
44.72638,5.30415,2475435191
44.07805,4.71682,2475602966
44.12304,4.71818,2494413150
44.07805,4.71682,2494415656
44.16803,4.71954,2494505827
43.98605,4.83873,2494602231
44.12304,4.71818,2494667036
44.21303,4.7209,2494685613
44.12304,4.71818,2494899394
44.12304,4.71818,2495206599
43.48183,5.31699,2495448082
44.16803,4.71954,2495568869
43.48279,6.86271,2495714723
43.98605,4.83873,2496015770
44.12304,4.71818,2496952757
44.07705,4.77923,2497113781
44.23458,5.84878,2497315954
44.12304,4.71818,2497541345
44.03103,4.84018,2498242683
44.25898,4.65965,2498792993
44.16704,4.78204,2498799399
43.39725,6.73345,2498860118
43.58121,4.82576,2498920003
44.25802,4.72226,2498945630
44.25802,4.72226,2499178195
44.21303,4.7209,2499276622
43.84418,5.2073,2499843085
43.8517,5.11025,2500173377
43.85053,5.03612,3488965376
43.52147,2.32249,3488974068
44.8444,1.49103,3495780531
44.82236,1.46764,3495789359
44.79563,1.4729,3495797027
43.4621,2.55788,3495811188
43.52155,2.31308,3495828317
44.98342,-1.10764,3495926248
42.0725,8.734167,3496114184
42.55254,2.98034,779850937
43.84932,-1.28053,2475498520
43.81,4.58448,2475654790
43.26867,6.54028,2481509581
43.98605,4.83873,2494428910
44.02997,4.90253,2494544667
43.58223,4.76389,2494590623
44.07602,4.84163,2494633028
44.07495,4.90404,2494653199
43.98605,4.83873,2494789663
44.21203,4.78346,2494806084
43.58322,4.70202,2494816300
43.51183,5.93665,2494826015
44.30202,4.78629,2494854703
44.12101,4.84309,2494922952
44.25702,4.78487,2495070464
44.12101,4.84309,2495222818
44.02997,4.90253,2495413562
44.0893,6.2164,2495808843
44.03103,4.84018,2495929981
44.21303,4.7209,2495965256
43.51183,5.93665,2495973029
43.91126,6.14407,2496012438
43.66428,5.20037,2496012446
44.12304,4.71818,2496115130
44.02886,4.96489,2496348500
44.21203,4.78346,2496683700
44.12304,4.71818,2496912506
43.61931,5.19865,2496947351
44.12204,4.78063,2497029258
43.94106,4.83728,2497640532
44.12204,4.78063,2497674465
43.53825,4.70068,2498010358
44.12101,4.84309,2498048823
44.16803,4.71954,2498157314
43.94106,4.83728,2498287567
44.07705,4.77923,2498309590
44.03103,4.84018,2498323631
44.25702,4.78487,2498345222
43.61081,7.05732,2498434176
43.58223,4.76389,2498772504
44.07602,4.84163,2498798656
44.07602,4.84163,2498859975
44.07602,4.84163,2498887961
44.07602,4.84163,2499034089
43.98605,4.83873,2499034123
44.02886,4.96489,2499080410
44.07805,4.71682,2499244133
43.58322,4.70202,2499277261
44.12101,4.84309,2499372787
44.21303,4.7209,2499520276
44.12204,4.78063,2499798611
43.94106,4.83728,2499799552
44.16493,4.90705,2500375270
44.02886,4.96489,2500833618
44.21203,4.78346,2501031060
43.709858,3.553044,2501114237
44.51708,1.11539,2550035509
44.37835,1.39997,3480979727
44.54296,1.09449,3480998607
44.98342,-1.10764,3481090769
44.04308,2.74401,3491126960
44.35838,1.49353,3495711979
44.04308,2.74401,3495906576
44.05087,2.76382,3495937080
44.05138,2.89441,3496003909
43.99622,2.68474,3496056225
44.98342,-1.10764,3496070401
43.136898,3.09411,3496122484
43.42917,3.57841,3858976829
43.67219,4.76666,2494753627
43.98388,4.96334,2495771976
43.22573,6.47608,2496830178
44.10189,1.74706,2496867280
44.09678,1.76208,3486070950
44.20992,4.90856,3496099413
42.64381,2.3943,2499104252
43.89905,4.64919,3495719953
44.1177,5.03044,2470401067
43.523584,5.443994,2497746902
43.8517,5.11025,3355547644
43.85053,5.03612,3488969306
44.8444,1.49103,3488974261
43.19255,5.61277,3495779550
43.19255,5.61277,2475444074
43.59609,7.00109,2475473063
44.22008,-0.90656,2475504816
43.19255,5.61277,2475639099
43.7643,3.79466,2475663959
44.3449,4.91311,2481714467
43.9302,5.3975,2494416436
43.92293,5.70863,2494499967
43.49021,4.88467,2494899684
44.34379,4.97581,2495894856
44.254457,5.073955,2498919870
43.645259,3.758703,2856715423
43.645259,3.758703,3314159454
43.55076,1.44434,3314251455
43.5629,1.44584,3470615917
43.72511,3.6061,3470628245
43.77439,2.94733,3471935837
44.55712,6.07681,3480934448
44.55712,6.07681,3489928071
44.55712,6.07681,3489937308
44.26122,1.77266,3489949605
44.29434,1.77156,3493603394
43.94578,2.83771,3493603491
44.15353,1.72109,3495702508
43.93826,1.32131,3495710256
44.22355,3.22575,3495728365
43.90805,1.77605,3495775469
43.80293,3.10571,3495779961
44.13256,1.71236,3495788232
43.52155,2.31308,3495794926
43.95077,3.21765,3495802083
43.88764,3.17367,3495815365
44.14992,1.75503,3495862814
43.53355,2.31216,3495866880
43.8616,2.9469,3495885292
44.19464,3.14902,3496016735
44.081018,3.64152,3496024872
44.081018,3.64152,3858374665
44.309909,3.330125,3860388658
44.3924,0.99591,2451591276
42.47816,3.02395,2492960648
43.765078,3.710657,2493039858
43.684873,7.211881,3090915378
43.06165,1.25715,3314150439
43.57327,6.18815,3489292781
43.51344,5.47116,3489929316
43.57344,6.18992,3489929954
43.77306,6.24203,3489930116
43.5635,6.23293,3489930296
43.80641,5.81531,3489931644
43.58619,6.10142,3489932891
43.84102,6.22153,3489935466
43.57344,6.18992,3489937838
43.52667,6.14945,3489938785
43.57344,6.18992,3489939117
43.4579,6.20862,3489940689
43.51497,6.24317,3489942027
43.78312,6.00753,3489942471
43.84725,6.22325,3489942998
43.51542,5.47714,3489943994
43.77706,6.24381,3489944055
43.79917,6.24299,3489944417
43.46035,6.26344,3489946525
43.57344,6.18992,3489946894
43.453,5.86375,3489951359
43.56368,6.18503,3489951700
43.69864,6.03849,3489952212
43.56361,6.181,3489952519
43.77514,6.23978,3489952561
43.58913,6.07382,3489953449
44.31734,1.70494,3489953481
44.28555,1.6611,3493598311
44.30878,1.65015,3493598842
44.29464,1.74392,3493599467
44.30878,1.65015,3493601901
44.31851,1.68107,3493603010
44.29157,1.66978,3493603672
44.30878,1.65015,3493606258
43.86593,3.07512,3493606367
43.326957,5.172075,3495791334
44.98342,-1.10764,3912210309
42.47816,3.02395,3496114175
42.66247,2.98645,2492381244
43.53726,4.76251,2481625029
44.36786,5.91827,2475409071
43.69653,5.75997,2496194663
43.69332,5.8839,2496573425
43.69653,5.75997,2498361102
43.57307,5.25877,2499813869
43.522195,3.696332,2499968498
43.8517,5.11025,3385168470
43.85053,5.03612,3488968459
42.81774,2.82329,3488973248
42.78132,2.82724,3495765122
42.816943,2.820645,3495951473
42.816943,2.820645,3712636546
42.46136,3.09958,3712694575
43.275776,2.708092,3939339636
43.62815,3.842046,1291073870
44.54437,6.05337,2242904151
44.58935,6.0558,2471775609
43.1462,2.79828,2471892285
43.19255,5.61277,2475412053
43.58223,4.76389,2475637946
44.27955,5.85104,2497880143
43.716651,3.85957,2498323978
43.716651,3.85957,2549972557
44.58021,6.06486,2549972560
44.58021,6.06486,2582005842
43.64686,2.74301,2582549361
43.70185,2.72558,3470521041
43.72655,2.60278,3470523978
43.70709,2.62228,3470526645
43.66728,2.6307,3470528701
43.66379,2.56614,3489299922
43.64853,2.61679,3491818067
45.34651,0.53969,3491818935
45.34651,0.53969,3494796302
45.34651,0.53969,3494796463
45.34651,0.53969,3494796499
45.26278,0.44195,3494796627
45.46604,0.38296,3494796734
44.15576,1.73064,3494797013
44.13256,1.71236,3495798054
43.6121,2.56061,3495872018
44.15142,1.71929,3495900770
43.09855,1.45111,3495999863
43.64744,2.58109,3496016893
44.33424,1.47083,3496026701
44.30017,1.44888,3496143958
43.73597,3.5427,3496201932
44.27012,1.46331,2472556190
44.27012,1.46663,3486070122
43.67413,4.64272,3486076944
43.69653,5.75997,2481833708
43.85407,4.64789,2494967620
43.57793,5.01135,2495809352
43.49021,4.88467,2495964743
43.62291,5.01293,2496351053
43.48912,4.94644,2497161162
43.69653,5.75997,2497780432
43.69653,5.75997,2498086292
43.44524,4.8832,2498427772
43.48912,4.94644,2498688782
43.44415,4.94492,2498799055
43.57677,5.07321,2499199679
43.80908,4.6466,2499322023
43.85053,5.03612,2500796068
43.8517,5.11025,3488966965
43.785,4.76382,3488971814
43.81,4.58448,2477842984
43.40027,4.88173,2481635067
44.06233,5.52794,2494871081
43.82984,5.8286,2495165354
44.06233,5.52794,2495534695
43.5318,5.07159,2496168464
43.63971,6.19118,2498206717
43.40027,4.88173,2499215845
48.87053,2.45195,2499725978
43.135936,5.753962,2510219614
48.87056,2.45193,2549977520
44.06367,1.95249,3491923346
44.15198,1.97749,3495957882
43.40027,4.88173,3496202537
43.65157,5.7578,2495015201
43.65757,5.51009,2495017485
43.49021,4.88467,2495695121
43.68108,4.17101,2497977986
44.3386,1.09706,3495824624
43.70148,4.16457,3495930853
44.40177,1.5228,3496007162
43.7281,4.03239,3496020828
43.717,4.15206,3496028164
43.66028,4.1895,3496028663
43.69276,4.16418,3496116332
43.64836,5.88164,3496201707
43.85053,5.03612,2495858284
43.8517,5.11025,3488966334
43.5205,5.57766,3488971614
43.7045,7.17931,3489928135
43.39648,6.35412,3489929365
43.5068,5.40257,3489931933
43.39648,6.35412,3489933177
43.82695,7.18509,3489939305
43.7484,5.78069,3489945308
43.82695,7.18509,3489947091
43.81367,5.32704,3489951112
43.68337,3.59223,3489952438
43.19255,5.61277,2475620328
44.27012,1.46331,2475638093
43.32139,6.29686,3486077446
46.2461,6.10958,2495334854
43.60848,7.11915,3122017877
43.42644,4.86539,2496151746
43.42644,4.86539,2473041000
44.45798,1.11447,2476674800
44.45798,1.11447,2475478661
43.44415,4.94492,2475652489
43.29034,5.80214,2494321834
43.29034,5.80214,2494906995
43.49021,4.88467,2495721492
43.49021,4.88467,2498615260
43.44415,4.94492,2499322397
44.21303,4.7209,2499454244
45.27582,0.91149,2499579960
43.8517,5.11025,3471713430
43.85053,5.03612,3488972554
44.524017,4.310711,3488974241
43.154354,6.498413,3904007910
44.27628,5.27125,1892171919
44.27628,5.27125,2475412571
44.27628,5.27125,2475425624
43.64633,5.06782,2475432701
43.64633,5.06782,2475686868
43.67982,4.20887,2475692829
43.38488,5.62161,2494383685
43.99937,6.21132,2495619337
43.63483,4.20792,2495700400
44.98342,-1.10764,2498798817
43.29034,5.80214,3496142690
43.99937,6.21132,2495730138
43.29034,5.80214,2497031066
43.29701,5.48036,2497565855
43.5255,6.92748,3489950594
43.37697,5.92977,2495683296
43.87317,5.89299,2500691272
43.49021,4.88467,2500834032
43.8517,5.11025,2500903936
43.85053,5.03612,3488966160
43.44629,4.82148,3488973876
43.75667,5.07973,2494754844
43.40132,4.82005,2494814406
43.20653,5.552,2497004192
43.44629,4.82148,2500306769
43.91833,3.99711,2500659878
43.743887,4.795495,2475695535
43.21074,5.36763,3873488316
43.21074,5.36763,2496413044
43.10166,6.1899,2498727842
43.731099,7.401974,2475571399
43.863,5.781,3325521392
43.104236,6.070389,3416247675
43.98605,4.83873,2543046651
43.53726,4.76251,2498537752
43.8517,5.11025,2475424347
43.85053,5.03612,3488967490
44.71889,6.2524,3488971329
44.67575,6.18676,2471500902
44.67448,6.23093,2471785185
44.7456,6.27295,2582296031
43.84943,6.99066,2582632817
43.85053,5.03612,3472247478
43.8517,5.11025,3488967991
43.62619,4.82719,3488971436
43.85053,5.03612,2494619657
43.8517,5.11025,3488966457
43.85053,5.03612,3488970038
43.8517,5.11025,1212531612
41.37342,9.21631,3488969594
42.47816,3.02395,3488973755
43.85053,5.03612,3491922596
43.8517,5.11025,2493100102
45.06051,1.68915,3488968026
45.3397,-1.09989,3488973356
43.8517,5.11025,2484342678
43.85053,5.03612,3491835641
44.28427,5.6632,3488967060
44.98342,-1.10764,3488971242
43.8517,5.11025,2496190789
43.85053,5.03612,3496311760
43.8517,5.11025,3488967283
43.85053,5.03612,3488968341
42.47816,3.02395,3488968687
44.57628,6.49631,3488969771
44.58066,6.47573,2492787570
43.85053,5.03612,2471889381
43.8517,5.11025,2581799299
44.33329,3.64958,3488965864
44.14909,4.70882,3488971204
43.85053,5.03612,2475147304
43.8517,5.11025,3475331612
45.27582,0.91149,3488966678
45.27582,0.91149,3488971976
43.8517,5.11025,2495426602
43.85053,5.03612,3471714685
43.73358,7.37671,3488966886
43.8517,5.11025,3488972143
43.85053,5.03612,2494428258
43.8517,5.11025,3488965344
43.85053,5.03612,3488970638
43.85053,5.03612,3488969095
43.8517,5.11025,3488970009
43.85053,5.03612,3488967831
43.8517,5.11025,3488968094
43.85053,5.03612,3488966875
43.8517,5.11025,3488972173
43.78,7.47,3488967597
43.71045,3.89828,3488971213
43.56168,6.229,3011669743
43.43781,5.70019,2487332694
46.11264,6.24219,2470072529
43.83699,4.35978,2470081465
43.17434,5.61025,3122018467
48.81394,2.36214,3491911202
48.81473,2.3607,864919319
48.81528,2.35849,2249878333
43.79408,7.36068,2469182171
43.53822,6.91813,2469182672
44.12304,4.71818,2469183344
43.53296,5.00978,2469187508
44.21303,4.7209,2469239146
43.89905,4.64919,2469243045
43.89809,4.71141,2470399160
44.58935,6.0558,2470399390
44.53329,6.43066,2470400527
44.58935,6.0558,2470401117
44.57825,6.43339,2470410995
44.72429,6.06313,2471498763
44.28806,4.75252,2471627931
44.28806,4.75252,2471633296
44.28806,4.75252,2471667697
43.7942,4.6862,2471670217
43.7942,4.6862,2472089268
43.99555,4.93275,2472089270
43.7942,4.6862,2472089355
43.7942,4.6862,2472890615
43.77973,4.59383,2472891755
43.99555,4.93275,2472892986
43.54676,4.66195,2472893038
43.7942,4.6862,2472893459
43.7942,4.6862,2472935130
43.99555,4.93275,2472935815
43.708,5.232,2472937706
43.79662,5.32975,2472940172
44.01287,5.71291,2472941243
43.38488,5.62161,2472961405
43.29346,5.67906,2473063845
44.00971,5.83753,2473227678
44.14131,5.96918,2473228686
44.01589,5.58827,2473228692
43.98605,4.83873,2473247251
43.94282,3.90193,2473247481
43.51883,5.67762,2473248014
43.6992,6.96191,2473250897
43.66475,6.97975,2473252176
43.58775,7.10522,2473583832
44.27327,3.84353,2473759984
44.08093,3.64767,2474583282
44.14484,3.56216,2474584237
44.06101,4.00415,2474584240
44.0599,3.6843,2475138606
44.10384,3.54025,2475139631
43.53726,4.76251,2475141489
44.37113,5.27318,2475142587
45.08486,-1.04905,2475164436
43.19255,5.61277,2475164935
44.35656,5.129,2475407438
44.68682,1.58563,2475431634
44.18834,0.80534,2475434131
43.97916,6.025,2475446087
44.06553,4.48332,2475504679
43.45607,4.90416,2475508745
43.53726,4.76251,2475509061
43.59316,4.00465,2475534045
44.18834,0.80534,2475563020
43.97916,6.025,2475573404
43.708,5.232,2475644551
43.75114,4.62596,2475653117
43.78491,4.67283,2475686088
43.65733,5.56041,2475693084
43.65733,5.56041,2476702634
43.76754,4.64898,2476895564
43.74641,4.64082,2476895884
43.76743,4.69167,2476896836
43.65733,5.56041,2476898768
43.76065,4.64335,2476999625
43.53358,5.11107,2477000551
43.9798,4.93162,2477000699
43.74246,4.69371,2477001491
44.01032,4.92662,2477013176
43.73281,4.61719,2477045217
43.977,4.938,2477121643
43.82134,6.13913,2477129886
43.82134,6.13913,2477147166
43.10139,2.38645,2477148517
43.57202,3.83235,2477211022
43.56353,3.90214,2477303585
43.59316,4.00465,2477306559
42.83722,2.91586,2477948947
43.84463,4.34761,2480180496
43.68215,4.13592,2480251790
43.68268,4.08415,2480251879
43.68215,4.13592,2480669352
43.67216,4.05968,2480809650
43.40519,4.57334,2480944668
43.67413,4.64272,2481278213
43.58121,4.82576,2481410966
43.00304,6.40139,2481463460
43.00304,6.40139,2481596314
43.0087,6.21774,2481685524
43.09856,6.22274,2481761373
43.00304,6.40139,2484990981
43.10391,6.03877,2485282717
43.00304,6.40139,2485428346
43.00304,6.40139,2485441170
43.10216,6.1001,2485555179
43.88778,7.47406,2485579065
43.90479,7.47466,2485620998
43.2776,5.85716,2485685490
44.67869,0.35315,2485714735
44.42362,4.74546,2486694440
42.47816,3.02395,2486722560
43.39613,5.34356,2487537524
45.13797,-0.6525,2488902664
43.81802,6.0977,2489068992
43.7643,3.79466,2492284370
43.32826,3.114,2493302707
44.21123,1.9636,2493305698
44.65446,4.50502,2493325668
45.27582,0.91149,2493325720
43.57307,5.25877,2493401517
43.62721,4.76527,2493457663
43.35635,4.81863,2493481687
44.30302,4.72363,2493482231
44.07385,4.96644,2494323286
43.65157,5.7578,2494342547
43.61081,7.05732,2494344096
44.37863,5.47928,2494346375
44.24367,5.47338,2494363993
43.65757,5.51009,2494384784
43.75547,5.14178,2494387378
43.7415,5.76214,2494411572
44.3772,5.542,2494445119
44.03103,4.84018,2494447576
44.06908,5.21602,2494453266
44.16493,4.90705,2494471327
44.25028,5.16046,2494484924
43.84418,5.2073,2494484993
44.30398,4.66097,2494497913
44.25702,4.78487,2494499605
43.50486,6.18368,2494545172
43.84291,5.26944,2494588621
44.30302,4.72363,2494594571
43.59947,3.43754,2494606462
44.0064,5.96215,2494606910
43.58322,4.70202,2494623937
43.59947,3.43754,2494667108
44.26917,4.41821,2494672594
44.03103,4.84018,2494705366
43.39805,5.00507,2494712874
44.37863,5.47928,2494726568
43.58121,4.82576,2494742591
44.07602,4.84163,2494758798
43.52268,5.50419,2494766992
43.74457,5.63809,2494775862
43.44629,4.82148,2494778005
44.23775,5.72366,2494792358
43.58121,4.82576,2494794324
43.40027,4.88173,2494817828
44.03868,6.40085,2494823411
43.65157,5.7578,2494825942
44.41921,5.66956,2494826310
43.40132,4.82005,2494832447
43.36443,6.36103,2494838199
43.75423,5.20383,2494857065
44.4657,5.60887,2494870750
43.96311,5.89755,2494872580
43.37697,5.92977,2494879397
43.74606,5.57606,2494883550
43.4913,6.61585,2494898345
43.98605,4.83873,2494899213
43.98605,4.83873,2494907435
44.30398,4.66097,2494965270
43.71614,4.83006,2494968403
43.645,6.00547,2494979256
44.06514,5.40318,2494996626
43.2217,6.59896,2495027225
43.27831,6.23279,2495028144
43.91126,6.14407,2495028300
44.23618,5.78622,2495031361
43.7415,5.76214,2495056318
43.41676,6.11705,2495076266
44.37863,5.47928,2495079493
43.29034,5.80214,2495199004
44.07385,4.96644,2495240063
43.53518,4.88615,2495243392
43.74606,5.57606,2495244293
43.62619,4.82719,2495248497
44.03103,4.84018,2495254640
43.74606,5.57606,2495255358
43.62619,4.82719,2495260580
43.5318,5.07159,2495262396
44.30398,4.66097,2495262895
44.11884,4.968,2495270870
43.69653,5.75997,2495271468
43.64998,5.81973,2495310162
43.36443,6.36103,2495311129
44.37863,5.47928,2495339402
43.49021,4.88467,2495375812
44.30302,4.72363,2495384751
44.14463,5.84427,2495448254
43.98388,4.96334,2495448989
43.88097,5.58215,2495459634
43.69494,5.82194,2495460338
44.06908,5.21602,2495461547
43.49021,4.88467,2495468023
43.58121,4.82576,2495468225
44.02886,4.96489,2495473171
44.23618,5.78622,2495502010
43.74305,5.70012,2495519540
43.74305,5.70012,2495552017
44.37863,5.47928,2495569478
43.79389,5.45393,2495575884
43.94209,4.77502,2495591385
43.58223,4.76389,2495594373
43.58223,4.76389,2495615340
43.62513,4.88911,2495619292
44.11653,5.09289,2495638545
44.20529,5.15875,2495667656
43.85407,4.64789,2495687061
43.74606,5.57606,2495700089
44.30302,4.72363,2495720810
43.58223,4.76389,2495725641
44.23618,5.78622,2495743664
44.12304,4.71818,2495743949
44.3772,5.542,2495755761
43.76502,6.50886,2495759085
44.16704,4.78204,2495759117
43.5318,5.07159,2495807221
43.74751,5.51403,2495856356
43.78324,5.88844,2495869044
43.58223,4.76389,2495897520
43.32325,6.23531,2495931071
43.35635,4.81863,2495996274
43.60848,7.11915,2496001291
43.35309,5.0035,2496003523
43.52123,5.56598,2496003582
43.75547,5.14178,2496011935
43.56355,7.11592,2496031275
43.9274,5.52196,2496050163
43.49228,4.76113,2496052159
43.19718,5.92065,2496052244
43.75547,5.14178,2496077612
43.62291,5.01293,2496078263
44.42218,5.54402,2496133699
43.75547,5.14178,2496166730
44.16803,4.71954,2496167610
43.05544,6.15897,2496247534
44.22955,6.03643,2496271400
44.12101,4.84309,2496274937
43.79389,5.45393,2496291131
43.30577,5.12508,2496324258
43.35309,5.0035,2496363450
43.75547,5.14178,2496415933
43.48912,4.94644,2496423771
43.44629,4.82148,2496424020
43.49021,4.88467,2496563396
43.53624,4.82433,2496563477
43.79103,5.57809,2496573216
43.40027,4.88173,2496641040
43.97237,5.52395,2496717558
43.49021,4.88467,2496737971
44.11012,5.40508,2496829903
44.07385,4.96644,2496853982
43.49021,4.88467,2496880661
43.48313,5.25524,2496881188
44.03868,6.40085,2496894957
43.79248,5.51601,2496899862
43.54981,6.18618,2496912303
43.67011,4.89059,2496948632
43.52123,5.56598,2496953052
43.40027,4.88173,2496964233
43.98605,4.83873,2496981615
43.5255,6.92748,2497004334
43.78954,5.64017,2497006580
43.80908,4.6466,2497031192
44.30398,4.66097,2497161364
43.20653,5.552,2497262439
43.49021,4.88467,2497389741
44.2278,6.09897,2497390336
43.58121,4.82576,2497402373
44.19277,5.7215,2497411060
44.25702,4.78487,2497415636
44.16803,4.71954,2497416256
43.64998,5.81973,2497427541
43.50841,6.06017,2497433839
44.07385,4.96644,2497462921
43.96634,5.77303,2497471661
43.74457,5.63809,2497475907
43.62174,5.07484,2497561538
43.49228,4.76113,2497562346
43.69332,5.8839,2497566565
43.69653,5.75997,2497567158
43.58121,4.82576,2497594697
43.52123,5.56598,2497605502
44.42072,5.60679,2497621416
43.74606,5.57606,2497640597
43.88788,5.27123,2497677476
44.03103,4.84018,2497784667
44.07602,4.84163,2497819345
44.30302,4.72363,2497859158
43.88097,5.58215,2497859232
43.53825,4.70068,2497925150
43.50841,6.06017,2497930755
43.39725,6.73345,2497931007
43.43553,5.37688,2497940791
44.07385,4.96644,2497941218
43.74892,5.452,2497956351
43.73142,6.13419,2497967136
43.33992,5.61956,2497971530
44.14623,5.78181,2498077734
44.30302,4.72363,2498079640
43.15056,5.97976,2498080216
44.25898,4.65965,2498090088
43.74305,5.70012,2498176399
43.81769,6.26331,2498208679
44.28116,5.78843,2498243054
44.37863,5.47928,2498243525
43.52123,5.56598,2498249303
43.7415,5.76214,2498251761
43.5318,5.07159,2498267930
43.69653,5.75997,2498286613
44.30302,4.72363,2498301095
43.74606,5.57606,2498309202
44.02997,4.90253,2498324035
43.49021,4.88467,2498324196
44.37863,5.47928,2498372864
43.50486,6.18368,2498401210
44.25028,5.16046,2498462739
44.3772,5.542,2498530073
43.0087,6.21774,2498545135
44.18796,5.90903,2498567373
43.36633,6.29944,2498570064
43.79103,5.57809,2498591766
43.49228,4.76113,2498615917
44.25702,4.78487,2498647539
43.63971,6.19118,2498706460
44.12304,4.71818,2498724479
43.96634,5.77303,2498768996
43.71286,5.01609,2498769264
43.52123,5.56598,2498785923
43.69653,5.75997,2498822098
43.5268,5.31881,2498822348
43.74305,5.70012,2498890577
43.35635,4.81863,2498976587
43.52123,5.56598,2499003933
43.57906,4.94949,2499012394
43.49021,4.88467,2499041461
44.42362,5.48125,2499081156
43.39689,5.06673,2499246684
43.67011,4.89059,2499257448
44.25702,4.78487,2499264873
43.69653,5.75997,2499322491
43.58121,4.82576,2499322576
43.74305,5.70012,2499389768
43.58121,4.82576,2499403311
43.7641,4.6453,2499475824
43.58322,4.70202,2499552616
44.41116,5.98334,2499553107
43.20937,5.42909,2499643285
44.07385,4.96644,2499703308
44.37863,5.47928,2499860620
43.93999,4.89953,2499909553
44.25702,4.78487,2499951237
43.67413,4.64272,2500181812
44.11884,4.968,2500211298
43.57307,5.25877,2500288319
43.33687,5.74274,2500383741
43.94106,4.83728,2500384321
43.62404,4.95102,2500423354
43.62404,4.95102,2500523183
43.83076,7.19742,2500523384
44.02535,5.15193,2500705713
43.70247,-1.3984,2500713648
42.88042,-0.11049,2501078139
42.54563,9.48095,2501224303
41.84051,9.33369,2502402063
42.54916,9.53138,2511875628
42.08025,9.47871,2580804825
42.23893,9.22658,2581178987
41.85746,9.37021,2581179500
42.11962,9.48745,2581207367
41.86176,9.3941,2581207401
42.21701,9.28276,2581212964
41.86389,9.39452,2581213140
44.89019,5.96406,2581213360
44.55652,6.4368,2581217356
44.61065,6.36107,2581217709
44.88505,5.84527,2581217914
44.58021,6.06486,2581786590
44.55652,6.4368,2581795827
44.58066,6.47573,2582249637
44.95881,5.98069,2582447502
44.58021,6.06486,2582704190
44.74472,6.02996,2582924965
44.88505,5.84527,2583268685
44.09504,-0.09018,2583393107
44.15074,-0.21333,2583516022
44.09504,-0.09018,2583556945
42.9718,1.595,2583612742
43.02144,1.78703,3470393488
43.02281,1.79196,3470393591
44.33773,1.0981,3470393800
44.31048,1.12319,3470512000
44.00887,1.71072,3470515051
44.30361,0.21197,3470520839
44.1575,0.16316,3470526875
44.25341,0.30145,3470527917
44.25371,-0.28431,3470529821
44.23009,0.15739,3470578203
44.37625,1.03983,3470580025
43.72301,3.94508,3470580133
43.6069,3.95978,3470580388
43.70725,4.15708,3470580887
43.70862,4.15376,3470653305
44.04099,0.36771,3470806795
44.17583,2.05998,3470806950
44.18538,2.08562,3470807068
43.99698,2.68808,3470807522
43.86901,3.52214,3470828363
43.85322,3.52701,3470830409
44.8004,1.10627,3470830490
44.71466,1.13577,3470846640
44.78712,1.20278,3470854182
44.72087,1.21753,3470856222
44.3924,0.99591,3470863309
44.58728,1.03849,3470863432
44.58728,1.03849,3470863439
44.66026,0.56314,3470863992
44.46835,0.98311,3470884325
44.42519,0.97282,3470895313
44.58728,1.03849,3470895881
44.58728,1.03849,3470896046
44.5649,0.99846,3470896203
44.6845,0.80623,3470896814
44.60935,0.96066,3470896977
44.43377,1.01556,3470896989
44.60065,0.89884,3470897065
44.50796,0.97997,3470897103
44.6845,0.80623,3470897290
44.50796,0.97997,3470897502
44.68902,0.3368,3470897672
44.66091,0.52373,3470897795
45.11476,1.19316,3470897810
45.83796,1.90137,3470897911
43.4286,6.65188,3470898012
41.59261,9.25366,3470898366
42.47431,9.12333,3471035381
43.41419,3.30693,3471126707
42.47431,9.12333,3471815587
42.47431,9.12333,3471840215
42.47431,9.12333,3471970264
42.47431,9.12333,3471977864
42.47431,9.12333,3472025342
44.08277,3.63611,3472334092
44.04156,3.58679,3472411974
42.21392,9.13718,3472496010
43.988,4.84663,3472601718
43.4943,5.34179,3472648107
43.8111,3.71887,3472648622
43.5219,4.15892,3472747564
43.63518,5.16399,3475044675
43.85128,4.96899,3475078730
43.954,6.88114,3475107281
43.616,3.92397,3475121565
42.7744,3.03193,3475217856
43.96561,4.8166,3475273516
43.00746,2.89865,3475338033
43.04005,1.85384,3475451834
43.03417,1.80202,3475473039
43.33128,2.5226,3475479478
43.01179,1.85647,3475497930
43.3674,2.53948,3480943863
44.12039,3.23495,3480951032
43.36059,1.71497,3480977383
43.04665,1.74489,3481032573
43.03168,1.73125,3481049280
43.04772,1.79304,3481051556
43.30189,2.35155,3481070056
44.40069,1.51943,3481080314
44.02009,-1.27635,3481087878
44.18905,-1.24528,3481090957
44.48607,-0.7864,3481113530
44.70652,0.23879,3481116949
44.74381,0.23592,3481748458
44.27012,1.46331,3481748805
43.02087,-0.25684,3481749163
43.8517,5.11025,3486019416
43.85053,5.03612,3486019962
44.8542,1.48653,3486070681
44.84398,1.49912,3486337315
44.17735,1.21854,3488965947
45.36122,-1.00089,3488971123
44.51999,0.75785,3489299448
44.67362,0.39425,3489299579
43.60549,5.74105,3489315881
43.31641,5.39078,3489586946
43.15562,5.846,3489703909
43.30495,5.39337,3489706330
43.14074,5.84003,3489854661
44.22472,5.91343,3489927697
43.31644,5.39073,3489928150
42.9306,2.92973,3489928819
43.29234,5.64251,3489929081
42.82285,2.22769,3489929726
43.3164,5.39077,3489929770
42.80762,2.40016,3489929910
43.31625,5.39099,3489932122
42.87607,2.16388,3489932775
43.30514,5.67906,3489932836
44.53279,5.77287,3489932963
45.57531,6.18302,3489933591
43.36182,5.66098,3489933599
44.47179,3.85117,3489933857
43.33831,5.6475,3489934118
44.00471,5.92234,3489934611
43.19394,5.80878,3489934659
43.31645,5.39085,3489934716
43.81709,4.34396,3489935143
43.3412,5.64761,3489935162
42.81511,2.53539,3489935279
43.58343,6.01428,3489935289
44.44266,3.93253,3489935771
43.58063,6.01271,3489935783
44.45206,3.93233,3489935787
44.07921,5.99392,3489935984
43.36558,5.65406,3489936002
42.91879,2.06833,3489936039
42.88163,2.03727,3489936105
43.28999,5.4815,3489936229
44.68802,5.68029,3489936913
43.33963,5.64701,3489936933
44.10584,6.23219,3489937289
43.12604,5.8381,3489937348
43.34265,5.64687,3489937720
44.4779,3.93501,3489937806
42.99967,2.25025,3489938260
44.45004,3.90072,3489938374
43.36898,5.64909,3489939057
42.87264,2.18291,3489939323
43.33856,5.64685,3489940147
44.30255,3.67079,3489940551
42.93425,2.9297,3489941017
44.04708,5.95965,3489941597
43.68753,4.24704,3489941605
43.12532,5.82329,3489942042
44.33299,3.94441,3489942391
44.19625,5.95098,3489942522
43.31642,5.3907,3489942527
44.20213,5.93858,3489942613
44.16833,4.05338,3489944407
44.16662,6.40363,3489944418
42.81279,2.3185,3489944464
43.33838,5.64707,3489944730
44.34882,3.62652,3489944755
44.2784,5.69425,3489944957
44.45658,3.93478,3489945045
42.8756,2.15753,3489946886
44.17349,5.95496,3489947005
43.47516,4.90093,3489947069
43.34101,5.64436,3489947382
43.34194,5.64472,3489947423
43.34235,5.64818,3489947528
44.17943,3.42783,3489947543
42.80355,2.45967,3489947983
42.92678,2.92583,3489948248
43.28444,5.37306,3489948300
43.27965,5.387,3489948450
43.11591,5.79024,3489948568
43.15498,5.84319,3489950340
43.29891,5.38813,3489950371
43.33052,5.40061,3489950540
43.69507,4.20349,3489950801
44.24928,5.88696,3489950940
42.78574,2.09845,3489951197
43.3163,5.39065,3489951583
43.20006,2.14837,3489951972
44.50796,0.97997,3489953183
44.98342,-1.10764,3489953208
43.03959,2.98118,3489953530
43.9409,4.56476,3490049381
45.5603,4.05699,3490813484
43.76171,5.20072,3491128152
43.7415,6.43656,3491404257
45.15589,1.22784,3491408797
43.84463,4.34761,3491412274
43.99956,4.76468,3491412435
43.2363,3.10719,3491412769
43.7187,4.07918,3491414458
43.19255,5.61277,3491414616
43.16504,3.02019,3491415409
44.85912,4.80986,3491416674
44.33283,4.15535,3491417295
43.93546,4.84109,3491417345
44.55718,-1.17544,3491418397
43.88043,4.92741,3491450178
44.31263,1.26631,3491474854
44.51999,0.75785,3491476748
44.21261,4.20403,3491481083
43.88321,4.17338,3491483906
43.02147,3.03822,3491493053
44.56891,0.89332,3491515125
43.29169,5.42044,3491518172
43.1036,3.08186,3491519110
44.93333,-0.7483,3491522568
42.65783,2.4466,3491522780
43.55205,7.00479,3491522845
43.55205,7.00479,3491525299
45.15589,1.22784,3491526684
45.85911,-0.54146,3491527018
43.13654,5.9326,3491534636
44.44876,4.06001,3491535596
43.10011,6.02806,3491540560
43.13654,5.9326,3491549642
43.61285,7.0015,3491550164
45.06646,1.65382,3491575944
44.33232,0.33209,3491576854
44.04913,1.75788,3491582937
44.37947,0.83891,3491584578
43.53556,2.30026,3491588073
43.55046,2.33999,3491647673
43.52228,2.33023,3491656849
44.10041,0.21092,3491662307
44.10041,0.21092,3491822170
44.10041,0.21092,3491826878
44.10041,0.21092,3491828214
44.19761,0.20703,3491872527
44.10041,0.21092,3491872632
45.80782,-0.57788,3491872666
45.80782,-0.57788,3491872739
43.02087,-0.25684,3491872903
43.08313,2.97339,3491872907
43.02925,3.00947,3492214302
44.2951,1.72605,3492215294
44.27064,1.69474,3492457852
44.28598,1.77147,3492764164
44.29327,1.6657,3492892852
44.30046,1.7105,3493599004
44.25784,1.75819,3493599181
44.25684,1.76194,3493599302
44.31734,1.70494,3493599570
44.29157,1.66978,3493599825
44.28911,1.77584,3493600108
44.29434,1.77156,3493601341
44.29174,1.66976,3493602437
44.31734,1.70494,3493602545
44.28555,1.6611,3493603504
44.2951,1.72605,3493603561
44.30046,1.71049,3493603666
43.94502,-0.45789,3493603943
44.48607,-0.7864,3493605509
44.86248,-0.28407,3493605733
44.82143,-0.34336,3493605918
44.18814,0.71124,3493780672
44.2522,1.77143,3494809534
44.15865,0.24427,3495021587
43.15459,2.96227,3495022503
43.95127,1.73053,3495103335
44.477,1.82903,3495109171
44.01794,2.71311,3495668428
42.86667,1.98063,3495682504
44.8424,1.55153,3495693818
44.46386,1.92808,3495702673
43.89314,3.50999,3495703278
43.3158,1.45169,3495708097
44.03945,1.68885,3495711001
43.3914,1.45782,3495713483
44.1487,1.52287,3495718749
44.2697,1.46249,3495726488
44.00207,1.6924,3495729371
43.2773,1.24715,3495762554
44.05506,1.66422,3495765194
43.9947,1.12608,3495765801
43.03245,1.72915,3495768245
43.65285,1.87814,3495783510
44.04743,2.88678,3495783797
45.36424,0.64577,3495788420
43.45091,3.58828,3495790104
44.12592,1.24092,3495791660
44.46469,1.8792,3495801779
44.06211,2.8632,3495813394
43.89956,1.30804,3495824982
43.06719,0.15219,3495835074
43.70148,4.16457,3495835188
43.35838,3.34733,3495845403
44.19723,1.67197,3495845805
44.22522,1.77251,3495854496
43.11047,-0.03819,3495855449
44.04548,2.74525,3495861723
44.0105,2.97637,3495862857
44.03937,2.73513,3495874777
43.31651,1.44223,3495878268
43.7281,4.03239,3495882204
43.71665,4.01025,3495884678
44.46387,1.94611,3495885808
44.22903,1.77753,3495886088
43.68108,4.17101,3495895947
44.29428,1.12505,3495896361
44.47408,1.86379,3495917929
44.07288,1.61763,3495921070
44.24329,1.15385,3495922211
44.0604,2.90016,3495935534
44.24285,1.15469,3495939256
42.99677,1.6603,3495946438
44.74849,1.54098,3495950968
44.02915,2.71981,3495957869
43.88699,1.31612,3495958401
43.47549,3.51595,3495961012
44.01075,1.71171,3495963366
43.60999,1.95365,3495964853
43.65618,3.30569,3495988767
43.69276,4.16418,3495995078
44.71992,1.5619,3495997461
43.928,1.29014,3495997727
43.67315,3.41866,3496001923
44.93894,1.66083,3496003960
43.665,4.36726,3496020202
42.88703,2.70786,3496022617
44.33859,1.09707,3496023963
43.16312,2.84637,3496035326
43.69518,4.16427,3496055877
44.1987,1.06658,3496062187
44.05866,1.65877,3496064998
44.98342,-1.10764,3496065051
44.17215,1.74803,3496069840
44.98342,-1.10764,3496082088
43.21282,2.31117,3496093149
43.91404,2.05522,3496097328
43.66526,1.40001,3496100289
44.08659,0.88292,3496106509
43.77601,2.05962,3496107631
43.02453,1.96656,3496116368
44.29392,1.12444,3496117026
44.44946,1.85493,3496119596
43.4035,1.31131,3496119988
44.23393,1.76981,3496158146
44.05087,2.76382,3496173070
44.07183,2.81142,3496173332
44.17005,1.91508,3496184683
44.16855,1.91355,3496201860
43.46993,1.56012,3496206671
43.04319,1.85263,3496210629
43.05123,1.87119,3496300492
43.03923,1.85151,3496300550
43.03128,1.84959,3496309043
42.98711,1.79603,3496337499
43.0343,1.84879,3496342750
43.04038,1.84387,3496342877
43.04293,1.85681,3496343013
42.96998,1.52375,3496345200
43.10292,1.62928,3496351438
42.96998,1.52375,3496352120
43.0512,1.92322,3496353104
43.04243,1.738,3496365866
43.18247,1.59239,3496366470
43.04958,1.92564,3496369544
42.99002,1.61065,3496371233
43.02012,1.61122,3496379344
42.84156,1.74703,3496382749
43.04197,1.7389,3496391132
43.47199,6.76368,3496391793
43.10166,6.1899,3496392903
43.47199,6.76368,3496396323
43.47199,6.76368,3496401193
43.47199,6.76368,3817684009
44.99685,4.96711,3831125851
43.02147,3.03822,3831193374
43.75803,2.00132,3831398231
43.75803,2.00132,3831690080
43.47199,6.76368,3831700031
44.42468,1.54149,3831845316
43.93544,4.84111,3833057399
43.93544,4.84111,3833238090
43.88858,5.47985,3833241101
44.24788,5.0602,3837711336
44.20599,5.27087,3841356512
43.87902,5.38838,3841581386
44.18251,5.2132,3841581406
44.23233,4.98041,3843743346
44.21572,4.80182,3843743443
44.20393,4.73997,3843743468
44.21572,4.80182,3843743477
44.20599,5.27087,3843743856
44.20599,5.27087,3843743958
43.93358,4.90858,3843743978
44.01291,5.25317,3843744029
43.78865,5.12426,3843744067
44.20599,5.27087,3843744095
44.20599,5.27087,3843744131
44.21572,4.80182,3843744177
44.18534,5.33215,3843744179
43.97111,4.90294,3843744197
44.18857,5.1499,3843744252
43.68756,5.52013,3843744506
43.86132,-0.82644,3843744559
44.38194,4.5326,3843744752
43.66157,2.91565,3843744814
44.08392,4.07619,3843744980
44.08392,4.07619,3843745037
44.08392,4.07619,3847461337
43.52581,3.85823,3848173755
43.56353,3.90214,3849498352
43.52581,3.85823,3853450634
43.42917,3.57841,3853450688
43.52581,3.85823,3853450742
43.23039,2.95697,3853890483
43.49421,3.72327,3853890889
43.45051,3.626,3853894321
43.53413,3.77213,3853895268
43.45051,3.626,3853896349
43.42917,3.57841,3853896438
43.40923,3.51266,3853896592
43.58495,3.80211,3853896614
43.68892,3.80987,3853896730
43.85718,4.63402,3853898413
44.01321,4.41625,3853898916
43.89013,3.98361,3853901757
43.65775,4.40741,3939340342
43.3172,3.28983,3939448312
43.67219,3.7789,3939448675
44.1164,4.03316,3939456645
43.89013,3.98361,3939456650
43.68892,3.80987,3939456745
42.46567,2.85911,3939497816
44.1164,4.03316,3939498284
43.98896,3.62507,3939506631
43.65851,4.01038,3939507269
43.61335,3.86927,3939514374
43.52581,3.85823,3939514424
43.66106,3.80563,3939514455
43.61335,3.86927,3939523092
43.67219,3.7789,3939531820
44.01321,4.41625,3939531846
44.06933,4.31114,3939538617
43.66382,3.72842,3939545684
43.44813,3.74957,3939552346
43.3172,3.28983,3939552356
42.66877,2.18045,3939553040
42.94779,2.25501,3939562560
43.63846,3.5582,3939562606
43.07995,1.27096,3939562607
42.88042,-0.11049,3939562808
42.98778,-0.40908,3939913733
44.09379,1.68641,3939971502
44.09423,1.69237,3939971936
44.09565,1.68458,3941568538
44.1197,3.2326,3941791642
44.19017,3.20951,3941839516
44.33963,1.09632,3944183609
44.19454,3.20791,3944184624
44.2301,3.23015,3944185022
44.20103,3.27766,3944303445
44.21673,3.22388,3944304173
44.22041,3.22225,3944394185
44.27761,3.22734,3944398929
42.52238,3.10696,3944402211
43.4007,1.69892,3944403521
